headword,word,tag,line_number,filename,context,text_type,reason,riverside_context,riverside_reason
haven,had,v%pt_pl,The Canon's Yeoman's Tale 864,data/oxford_txts/CYT_oxford.txt,"For had we him,° than wer we siker ynow.°",OXFORD,Past plural must end in -en or -e,For hadde we hym thanne were we siker ynow,No exception (normal form)
seien,sey,v%inf,Book of the Duchess 1189,data/oxford_txts/BD_oxford.txt,"And if I telle hir, to sey right sothe",OXFORD,Infinitive must end in -en or -e,And yif I telle hyr to seye ryght soth,No exception (normal form)
comen,comth,v%pr_3,House of Fame 648,data/oxford_txts/HF_oxford.txt,That ther no tiding comth to thee,OXFORD,Present 3rd sg must end in -eth,That ther no tydynge cometh to thee,No exception (normal form)
pleien,play,v%inf,Book of the Duchess 656,data/oxford_txts/BD_oxford.txt,Allas! I couth no lenger play,OXFORD,Infinitive must end in -en or -e,Allas I kouthe no lenger playe,No exception (normal form)
seien,sey,v%pr_pl,The Summoner's Tale 1933,data/oxford_txts/SumT_oxford.txt,Whan they for soules sey the psalm of Davit,OXFORD,Present plural must end in -en or -e,Whan they for soules seye the psalm of Davit,No exception (normal form)
tellen,tell,v%inf,The Merchant's Tale 1872,data/oxford_txts/MerT_oxford.txt,Tell thy wo? She wole alwey seye ‘nay’;,OXFORD,Infinitive must end in -en or -e,Telle thy wo She wole alwey seye nay,No exception (normal form)
knouen,know,v%inf,The Franklin's Tale 1362,data/oxford_txts/FranT_oxford.txt,"Or know myselven fals, or lees my name",OXFORD,Infinitive must end in -en or -e,Or knowe myselven fals or lese my name,No exception (normal form)
shulen,shul,v%pr_pl,The Knight's Tale 2356,data/oxford_txts/KnT_oxford.txt,"Shul thee declaren, er that thou go henne,°",OXFORD,Present plural must end in -en or -e,Shulle thee declaren er that thou go henne,No exception (normal form)
kepen,kep,v%inf,The Wife of Bath's Prologue 46,data/oxford_txts/WBPro_oxford.txt,"For sothe,° I wol nat kep me chast in al;",OXFORD,Infinitive must end in -en or -e,For sothe I wol nat kepe me chaast in al,No exception (normal form)
listen,list,v%pr_pl,The Canon's Yeoman's Tale 891,data/oxford_txts/CYT_oxford.txt,"If that men list,° this folk they knowe may.",OXFORD,Present plural must end in -en or -e,If that men liste this folk they knowe may,No exception (normal form)
shitten,shet,v%inf,The Wife of Bath's Tale 1141,data/oxford_txts/WBT_oxford.txt,And lat men shet the dores and go thenne;°,OXFORD,Infinitive must end in -en or -e,And lat men shette the dores and go thenne,No exception (normal form)
clepen,clep,v%inf,The Miller's Tale 3577,data/oxford_txts/MilT_oxford.txt,"Than wol I clep,° ‘how! Alison! how! John!",OXFORD,Infinitive must end in -en or -e,Thanne wol I clepe How Alison How John,No exception (normal form)
seien,sey,v%inf,Parliament of Fowls 503,data/oxford_txts/PF_oxford.txt,And I wol sey my verdit° faire and swithe°,OXFORD,Infinitive must end in -en or -e,And I wol seye my verdit fayre and swythe,No exception (normal form)
haven,had,v%pt_pl,The Franklin's Tale 903,data/oxford_txts/FranT_oxford.txt,In which that they had maad hir ordinaunce°,OXFORD,Past plural must end in -en or -e,In which that they hadde maad hir ordinaunce,No exception (normal form)
rounen,rown,v%pr_pl,The Wife of Bath's Prologue 241,data/oxford_txts/WBPro_oxford.txt,What rown° ye with our maide? benedicite!°,OXFORD,Present plural must end in -en or -e,What rowne ye with oure mayde Benedicite,No exception (normal form)
lien,lith,v%pr_3,Book of the Duchess 143,data/oxford_txts/BD_oxford.txt,That lith° ful pale and nothing rody.°,OXFORD,Present 3rd sg must end in -eth,That lyeth ful pale and nothyng rody,No exception (normal form)
holden,hold,v%inf,The Merchant's Tale 1976,data/oxford_txts/MerT_oxford.txt,"He deme° of al, for I wol hold my pees.",OXFORD,Infinitive must end in -en or -e,He deme of al for I wole holde my pees,No exception (normal form)
dien,dey,v%inf,Book of the Duchess 240,data/oxford_txts/BD_oxford.txt,“Rather then that I shulde dey°,OXFORD,Infinitive must end in -en or -e,Rather then that y shulde deye,No exception (normal form)
haven,had,v%pt_pl,The Franklin's Tale 1369,data/oxford_txts/FranT_oxford.txt,"Had slain Phidoun in Athens, atte feste",OXFORD,Past plural must end in -en or -e,Hadde slayn Phidon in Atthenes atte feste,No exception (normal form)
mouen,mow,v%pr_pl,The Clerk's Tale 530,data/oxford_txts/ClT_oxford.txt,They mow wel been biwailled° or compleined,OXFORD,Present plural must end in -en or -e,They mowe wel been biwailled or compleyned,No exception (normal form)
thinken,thinkth,v%pr_3,House of Fame 871,data/oxford_txts/HF_oxford.txt,How thinkth thee my conclusioun?”,OXFORD,Present 3rd sg must end in -eth,How thinketh the my conclusyon,No exception (normal form)
stonden,stond,v%inf,Parliament of Fowls 315,data/oxford_txts/PF_oxford.txt,"For me to stond, so ful was al the place.",OXFORD,Infinitive must end in -en or -e,For me to stonde so ful was al the place,No exception (normal form)
seien,sey,v%inf,The Merchant's Tale 2237,data/oxford_txts/MerT_oxford.txt,"¶“My wif,” quod he, “ther may no wight sey nay;°",OXFORD,Infinitive must end in -en or -e,My wyf quod he ther may no wight seye nay,No exception (normal form)
helen,heel,v%inf,Book of the Duchess 928,data/oxford_txts/BD_oxford.txt,"Ne bet coud heel that, by the masse",OXFORD,Infinitive must end in -en or -e,Ne bet koude hele that by the masse,No exception (normal form)
seien,sey,v%inf,The Wife of Bath's Prologue 341,data/oxford_txts/WBPro_oxford.txt,And sey thise wordes in the apostles name,OXFORD,Infinitive must end in -en or -e,And seye thise wordes in the Apostles name,No exception (normal form)
comen,com,v%inf,The Canon's Yeoman's Tale 1395,data/oxford_txts/CYT_oxford.txt,"In this craft, that men can nat com therby,°",OXFORD,Infinitive must end in -en or -e,In this craft that men kan nat come therby,No exception (normal form)
singen,songe,v%pt_1,Book of the Duchess 1158,data/oxford_txts/BD_oxford.txt,And ofte time I songe hem loude;,OXFORD,Strong pt sg must not end in -en or -e,And ofte tyme I song hem loude,No exception (normal form)
slepen,sleep,v%inf,Book of the Duchess 274,data/oxford_txts/BD_oxford.txt,"To sleep, that right upon my booke",OXFORD,Infinitive must end in -en or -e,To slepe that ryght upon my book,No exception (normal form)
comen,com,v%inf,The Franklin's Tale 1115,data/oxford_txts/FranT_oxford.txt,"But° men might touch° the arwe, or com therby.°",OXFORD,Infinitive must end in -en or -e,But men myghte touche the arwe or come therby,No exception (normal form)
speken,spake,v%pt_3,Book of the Duchess 503,data/oxford_txts/BD_oxford.txt,"And grette him, but he spake noght",OXFORD,Strong pt sg must not end in -en or -e,And grette hym but he spak noght,No exception (normal form)
lesen,lees,v%inf,The Franklin's Tale 1362,data/oxford_txts/FranT_oxford.txt,"Or know myselven fals, or lees my name",OXFORD,Infinitive must end in -en or -e,Or knowe myselven fals or lese my name,No exception (normal form)
comen,com,v%inf,The Canon's Yeoman's Tale 835,data/oxford_txts/CYT_oxford.txt,"Lat him com forth, and lerne multiplie;°",OXFORD,Infinitive must end in -en or -e,Lat hym come forth and lerne multiplie,No exception (normal form)
seien,sey,v%inf,The Friar's Tale 1363,data/oxford_txts/FriT_oxford.txt,"¶“Than wolde he sey, ‘Frend, I shal for thy sake",OXFORD,Infinitive must end in -en or -e,Thanne wolde he seye Freend I shal for thy sake,No exception (normal form)
seien,sey,v%inf,The Canon's Yeoman's Tale 1041,data/oxford_txts/CYT_oxford.txt,To swich a man I can never sey nay.”,OXFORD,Infinitive must end in -en or -e,To swich a man I kan never seye nay,No exception (normal form)
connen,coud,v%pt_pl,The Merchant's Tale 1539,data/oxford_txts/MerT_oxford.txt,"Ne man ne° beest, swich as men coud devise;",OXFORD,Past plural must end in -en or -e,Ne man ne beest swich as men koude devyse,No exception (normal form)
blouen,blow,v%inf,The Pardoner's Tale 481,data/oxford_txts/PardT_oxford.txt,To kindle and blow the fir of lecherie,OXFORD,Infinitive must end in -en or -e,To kyndle and blowe the fyr of lecherye,No exception (normal form)
blouen,blow,v%inf,The Miller's Tale 3387,data/oxford_txts/MilT_oxford.txt,That Absolon may blow the bukkes horn;°,OXFORD,Infinitive must end in -en or -e,That Absolon may blowe the bukkes horn,No exception (normal form)
comen,com,v%inf,The Miller's Tale 3616,data/oxford_txts/MilT_oxford.txt,Noës flood com walwing° as the see,OXFORD,Infinitive must end in -en or -e,Noees flood come walwynge as the see,No exception (normal form)
comen,com,v%inf,Book of the Duchess 731,data/oxford_txts/BD_oxford.txt,To com to hir. Another rage,OXFORD,Infinitive must end in -en or -e,To come to hir Another rage,No exception (normal form)
moten,moot,v%pr_pl,The General Prologue 742,data/oxford_txts/GP_oxford.txt,The wordes moot be cosin to the dede.,OXFORD,Present plural must end in -en or -e,The wordes moote be cosyn to the dede,No exception (normal form)
peinten,peint,v%inf,Book of the Duchess 259,data/oxford_txts/BD_oxford.txt,I wol do peint° with pure golde,OXFORD,Infinitive must end in -en or -e,I wol do peynte with pure gold,No exception (normal form)
tellen,tolde,v%pt_3,Troilus and Criseyde; Book II 571,data/oxford_txts/TC2_oxford.txt,Or he me tolde who might been his leche.,OXFORD,"Weak pt sg must end in -ed, -d, or -t",Or he me told who myghte ben his leche,No exception (normal form)
shulen,shold,v%pt_pl,The General Prologue 506,data/oxford_txts/GP_oxford.txt,"By his clennesse, how that his sheep shold live.",OXFORD,Past plural must end in -en or -e,By his clennesse how that his sheep sholde lyve,No exception (normal form)
comen,came,v%pt_1,House of Fame 969,data/oxford_txts/HF_oxford.txt,Al the wey through whiche I came.,OXFORD,Strong pt sg must not end in -en or -e,All the wey thrugh which I cam,No exception (normal form)
mouen,might,v%pt_pl,The Clerk's Tale 1106,data/oxford_txts/ClT_oxford.txt,Unnethe° abouten hir might they abide.,OXFORD,Past plural must end in -en or -e,Unnethe abouten hire myghte they abyde,No exception (normal form)
bicomen,bicomth,v%pr_3,Troilus and Criseyde; Book II 797,data/oxford_txts/TC2_oxford.txt,"Wher it bicomth; lo, no wight on it sporneth;",OXFORD,Present 3rd sg must end in -eth,Where it bycometh Lo no wight on it sporneth,No exception (normal form)
comen,cam,v%pt_pl,The Clerk's Tale 752,data/oxford_txts/ClT_oxford.txt,But whan thise tidinges° cam to Grisildis,OXFORD,Past plural must end in -en or -e,But whan thise tidynges came to Grisildis,No exception (normal form)
soupen,soup,v%inf,The Franklin's Tale 1217,data/oxford_txts/FranT_oxford.txt,"“Go we than soup,”° quod he, “as for the beste;",OXFORD,Infinitive must end in -en or -e,Go we thanne soupe quod he as for the beste,No exception (normal form)
holden,hold,v%inf,Book of the Duchess 1179,data/oxford_txts/BD_oxford.txt,That she wold hold me for° hir knight,OXFORD,Infinitive must end in -en or -e,That she wolde holde me for hir knyght,No exception (normal form)
sitten,satte,v%pt_3,The Pardoner's Tale 664,data/oxford_txts/PardT_oxford.txt,"And as they satte, they herde a belle clinke°",OXFORD,Strong pt sg must not end in -en or -e,And as they sat they herde a belle clynke,No exception (normal form)
chesen,chees,v%inf,The Wife of Bath's Tale 898,data/oxford_txts/WBT_oxford.txt,"To chees,° whether she wolde him save or spille.°",OXFORD,Infinitive must end in -en or -e,To chese wheither she wolde hym save or spille,No exception (normal form)
holden,hold,v%inf,Book of the Duchess 1019,data/oxford_txts/BD_oxford.txt,Hir lust° to hold no wight in honde;°,OXFORD,Infinitive must end in -en or -e,Hyr lust to holde no wyght in honde,No exception (normal form)
bisetten,beset,v%inf,Book of the Duchess 772,data/oxford_txts/BD_oxford.txt,He shuld beset° min herte so,OXFORD,Infinitive must end in -en or -e,He shulde besette myn herte so,No exception (normal form)
biholden,behold,v%inf,Book of the Duchess 1050,data/oxford_txts/BD_oxford.txt,"And to behold the alderfaireste,°",OXFORD,Infinitive must end in -en or -e,And to beholde the alderfayreste,No exception (normal form)
comen,com,v%inf,The Friar's Tale 1516,data/oxford_txts/FriT_oxford.txt,Com ther thee nedeth nat of me to lere.°,OXFORD,Infinitive must end in -en or -e,Come there thee nedeth nat of me to leere,No exception (normal form)
durren,dur,v%inf,Troilus and Criseyde; Book V 840,data/oxford_txts/TC5_oxford.txt,"Stod paregal, to dur don that him leste.",OXFORD,Infinitive must end in -en or -e,Stood paregal to durre don that hym leste,No exception (normal form)
singen,songe,v%pt_3,The General Prologue 122,data/oxford_txts/GP_oxford.txt,Ful wel she songe the service divine,OXFORD,Strong pt sg must not end in -en or -e,Ful weel she soong the service dyvyne,No exception (normal form)
sheuen,shew,v%inf,The Clerk's Tale 90,data/oxford_txts/ClT_oxford.txt,Or elles coude he shew wel swich° matere,OXFORD,Infinitive must end in -en or -e,Or elles koude he shewe wel swich mateere,No exception (normal form)
comen,com,v%inf,Troilus and Criseyde; Book II 430,data/oxford_txts/TC2_oxford.txt,"“By God, I shal nomore com here this wike",OXFORD,Infinitive must end in -en or -e,By God I shal namore come here this wyke,No exception (normal form)
willen,wold,v%pt_pl,Troilus and Criseyde; Book III 455,data/oxford_txts/TC3_oxford.txt,"So as they dorste, how they wold procede.",OXFORD,Past plural must end in -en or -e,So as they durste how they wolde procede,No exception (normal form)
singen,sing,v%inf,Book of the Duchess 849,data/oxford_txts/BD_oxford.txt,Carole° and sing so swetely,OXFORD,Infinitive must end in -en or -e,Carole and synge so swetely,No exception (normal form)
connen,can,v%pr_pl,The Clerk's Tale 933,data/oxford_txts/ClT_oxford.txt,"As clerkes, whan hem list, can wel endite",OXFORD,Present plural must end in -en or -e,As clerkes whan hem list konne wel endite,No exception (normal form)
graunten,grant,v%inf,The Wife of Bath's Tale 1174,data/oxford_txts/WBT_oxford.txt,Grant me grace to liven vertuously.,OXFORD,Infinitive must end in -en or -e,Grante me grace to lyven vertuously,No exception (normal form)
kissen,kiss,v%pr_pl,The Pardoner's Tale 965,data/oxford_txts/PardT_oxford.txt,I prey yow that ye kiss the Pardoner.,OXFORD,Present plural must end in -en or -e,I prey yow that ye kisse the Pardoner,No exception (normal form)
connen,can,v%pr_pl,The Merchant's Tale 1424,data/oxford_txts/MerT_oxford.txt,"They can° so muchel craft° on Wades boot,°",OXFORD,Present plural must end in -en or -e,They konne so muchel craft on Wades boot,No exception (normal form)
taken,tak,v%inf,The Wife of Bath's Tale 1224,data/oxford_txts/WBT_oxford.txt,And tak your aventure° of the repair°,OXFORD,Infinitive must end in -en or -e,And take youre aventure of the repair,No exception (normal form)
connen,kon,v%pr_pl,House of Fame 338,data/oxford_txts/HF_oxford.txt,How sore that ye men kon grone,OXFORD,Present plural must end in -en or -e,How sore that ye men konne groone,No exception (normal form)
geten,get,v%pr_pl,The Merchant's Tale 1945,data/oxford_txts/MerT_oxford.txt,And wente hir wey; ye get namore of° me.,OXFORD,Present plural must end in -en or -e,And wente hire wey ye gete namoore of me,No exception (normal form)
mouen,might,v%pt_pl,The Squire's Tale 634,data/oxford_txts/SqT_oxford.txt,They niste° how they might the faucon glade.°,OXFORD,Past plural must end in -en or -e,They nyste hou they myghte the faucon glade,No exception (normal form)
ben,wer,v%pt_pl,The Wife of Bath's Prologue 199,data/oxford_txts/WBPro_oxford.txt,In which that they wer bounden unto me.,OXFORD,Past plural must end in -en or -e,In which that they were bounden unto me,No exception (normal form)
willen,wol,v%pr_pl,Troilus and Criseyde; Book II 1628,data/oxford_txts/TC2_oxford.txt,"He seide, “Ye, but wol ye now me here?",OXFORD,Present plural must end in -en or -e,He seyde Ye but wole ye now me here,No exception (normal form)
sweren,swer,v%inf,Book of the Duchess 820,data/oxford_txts/BD_oxford.txt,"For I dar swer, withoute doute",OXFORD,Infinitive must end in -en or -e,For I dar swere withoute doute,No exception (normal form)
helen,heel,v%inf,Book of the Duchess 40,data/oxford_txts/BD_oxford.txt,That may me heel; but that is done.°,OXFORD,Infinitive must end in -en or -e,That may me hele but that is don,No exception (normal form)
ben,be,v%pr_3,The Reeve's Tale 4181,data/oxford_txts/RvT_oxford.txt,That gif° a man in a° point be ygreved,OXFORD,Present 3rd sg must end in -eth,That gif a man in a point be agreved,No exception (normal form)
biginnen,bigon,v%ppl,The Second Nun's Tale 428,data/oxford_txts/SNT_oxford.txt,"“Ye han bigon your question folily,”°",OXFORD,Strong participle must end in -en or -e,Ye han bigonne youre questioun folily,No exception (normal form)
letten,let,v%inf,House of Fame 1954,data/oxford_txts/HF_oxford.txt,Ne porter ther is non to let°,OXFORD,Infinitive must end in -en or -e,Ne porter ther is noon to lette,No exception (normal form)
finden,fond,v%pt_pl,House of Fame 1810,data/oxford_txts/HF_oxford.txt,Such game fond they in hir hode.°,OXFORD,Past plural must end in -en or -e,Such game fonde they in her hod,No exception (normal form)
asterten,astert,v%inf,Book of the Duchess 1154,data/oxford_txts/BD_oxford.txt,"And who hath that, may not astert.°",OXFORD,Infinitive must end in -en or -e,And who hath that may not asterte,No exception (normal form)
touchen,touch,v%inf,The Franklin's Tale 1115,data/oxford_txts/FranT_oxford.txt,"But° men might touch° the arwe, or com therby.°",OXFORD,Infinitive must end in -en or -e,But men myghte touche the arwe or come therby,No exception (normal form)
biholden,behelde,v%pt_1,House of Fame 481,data/oxford_txts/HF_oxford.txt,I faste° aboute me behelde.°,OXFORD,Strong pt sg must not end in -en or -e,I faste aboute me beheld,No exception (normal form)
seien,sey,v%inf,The Wife of Bath's Prologue 601,data/oxford_txts/WBPro_oxford.txt,"And I was fourty, if I shal sey sooth;",OXFORD,Infinitive must end in -en or -e,And I was fourty if I shal seye sooth,No exception (normal form)
sitten,sit,v%pr_pl,The Canon's Yeoman's Tale 1195,data/oxford_txts/CYT_oxford.txt,"Sit we doun, and lat us mery make.”°",OXFORD,Present plural must end in -en or -e,Sitte we doun and lat us myrie make,No exception (normal form)
abiden,abode,v%pt_3,House of Fame 1602,data/oxford_txts/HF_oxford.txt,This Eolus nowher abode°,OXFORD,Strong pt sg must not end in -en or -e,This Eolus nowhere abod,No exception (normal form)
ful-fillen,fulfill,v%inf,The Wife of Bath's Tale 1218,data/oxford_txts/WBT_oxford.txt,I shal fulfill your worldly° appetit.,OXFORD,Infinitive must end in -en or -e,I shal fulfille youre worldly appetit,No exception (normal form)
wenden,went,v%pt_pl,Parliament of Fowls 235,data/oxford_txts/PF_oxford.txt,"In kirtels,° al disshevele,° went they there—",OXFORD,Past plural must end in -en or -e,In kertels al dishevele wente they there,No exception (normal form)
kepen,keep,v%inf,The Wife of Bath's Prologue 360,data/oxford_txts/WBPro_oxford.txt,"In feith, he shal nat keep me but me lest;°",OXFORD,Infinitive must end in -en or -e,In feith he shal nat kepe me but me lest,No exception (normal form)
seien,sey,v%pr_pl,The Summoner's Tale 1934,data/oxford_txts/SumT_oxford.txt,"Lo, ‘buf!’° they sey, ‘cor meum eructavit!’°",OXFORD,Present plural must end in -en or -e,Lo buf they seye cor meum eructavit,No exception (normal form)
comen,com,v%inf,The Franklin's Tale 839,data/oxford_txts/FranT_oxford.txt,And that he wol com hastily again;,OXFORD,Infinitive must end in -en or -e,And that he wol come hastily agayn,No exception (normal form)
connen,con,v%pr_pl,The Nun's Priest's Tale 3321,data/oxford_txts/NPT_oxford.txt,"Let see, con ye° your fader countrefete?”°",OXFORD,Present plural must end in -en or -e,Lat se konne ye youre fader countrefete,No exception (normal form)
paien,pay,v%inf,The Shipman's Tale 424,data/oxford_txts/ShipT_oxford.txt,"By God, I wol nat pay yow but abedde.",OXFORD,Infinitive must end in -en or -e,By God I wol nat paye yow but abedde,No exception (normal form)
biginnen,bigin,v%inf,The General Prologue 853,data/oxford_txts/GP_oxford.txt,He seide: “Sin I shal bigin the game,OXFORD,Infinitive must end in -en or -e,He seyde Syn I shal bigynne the game,No exception (normal form)
haven,hadde,v%pt_3,The Wife of Bath's Tale 1154,data/oxford_txts/WBT_oxford.txt,And hadde hise eldres noble and vertuous,OXFORD,"Weak pt sg must end in -ed, -d, or -t",And hadde his eldres noble and vertuous,No exception (normal form)
mouen,might,v%pt_pl,The Reeve's Tale 4117,data/oxford_txts/RvT_oxford.txt,"For it was night, and forther might they noght;",OXFORD,Past plural must end in -en or -e,For it was nyght and forther myghte they noght,No exception (normal form)
comen,comth,v%pr_3,The Knight's Tale 2208,data/oxford_txts/KnT_oxford.txt,"Now comth the point, and herkneth if yow leste.",OXFORD,Present 3rd sg must end in -eth,Now cometh the point and herkneth if yow leste,No exception (normal form)
taken,toke,v%pt_3,Troilus and Criseyde; Book I 486,data/oxford_txts/TC1_oxford.txt,"Gan multiplie, that, whoso toke keep",OXFORD,Strong pt sg must not end in -en or -e,Gan multiplie that whoso tok kep,No exception (normal form)
ben,wer,v%pt_pl,Parliament of Fowls 678,data/oxford_txts/PF_oxford.txt,The wordes wer swich as ye may heer finde,OXFORD,Past plural must end in -en or -e,The wordes were swiche as ye may heer fynde,No exception (normal form)
seien,sey,v%inf,The Summoner's Tale 2009,data/oxford_txts/SumT_oxford.txt,"Can sey, how ire engendreth° homicide.",OXFORD,Infinitive must end in -en or -e,Kan seye how ire engendreth homycide,No exception (normal form)
moten,mot,v%pr_pl,The Clerk's Tale 531,data/oxford_txts/ClT_oxford.txt,But men mot nede unto her lust° obeye,OXFORD,Present plural must end in -en or -e,But men moote nede unto hire lust obeye,No exception (normal form)
finden,fonde,v%pt_3,Parliament of Fowls 374,data/oxford_txts/PF_oxford.txt,That ever she among hir werkes fonde,OXFORD,Strong pt sg must not end in -en or -e,That evere she among hire werkes fond,No exception (normal form)
ben,wer,v%pt_pl,The Franklin's Tale 1195,data/oxford_txts/FranT_oxford.txt,"He saugh, whan voided° wer thise wilde deer",OXFORD,Past plural must end in -en or -e,He saugh whan voyded were thise wilde deer,No exception (normal form)
haven,had,v%pt_pl,The Merchant's Tale 1479,data/oxford_txts/MerT_oxford.txt,"Ful litel nede° had ye, my lord so dere",OXFORD,Past plural must end in -en or -e,Ful litel nede hadde ye my lord so deere,No exception (normal form)
seien,seyn,v%inf,Troilus and Criseyde; Book III 1793,data/oxford_txts/TC3_oxford.txt,"For sooth to seyn, he lost held every wight",OXFORD,Infinitive must end in -en or -e,For soth to seyne he lost held every wyght,No exception (normal form)
closen,clos,v%inf,Book of the Duchess 873,data/oxford_txts/BD_oxford.txt,"And clos; for, were she never so glad",OXFORD,Infinitive must end in -en or -e,And close for were she never so glad,No exception (normal form)
mouen,might,v%pt_pl,The Franklin's Tale 1115,data/oxford_txts/FranT_oxford.txt,"But° men might touch° the arwe, or com therby.°",OXFORD,Past plural must end in -en or -e,But men myghte touche the arwe or come therby,No exception (normal form)
understonden,understode,v%pt_3,Book of the Duchess 1261,data/oxford_txts/BD_oxford.txt,My wo; and she wel understode,OXFORD,Strong pt sg must not end in -en or -e,My woo and she wel understod,No exception (normal form)
failen,fail,v%inf,Book of the Duchess 441,data/oxford_txts/BD_oxford.txt,Yet shulde he fail to rekene evene,OXFORD,Infinitive must end in -en or -e,Yet shoulde he fayle to rekene even,No exception (normal form)
preien,prey,v%inf,The Merchant's Tale 1353,data/oxford_txts/MerT_oxford.txt,Or elles° prey to God him for to sende,OXFORD,Infinitive must end in -en or -e,Or elles preye to God hym for to sende,No exception (normal form)
seien,sey,v%inf,The Wife of Bath's Prologue 127,data/oxford_txts/WBPro_oxford.txt,"That is to sey, for office,° and for ese°",OXFORD,Infinitive must end in -en or -e,That is to seye for office and for ese,No exception (normal form)
disseveren,dissever,v%inf,The Canon's Yeoman's Tale 875,data/oxford_txts/CYT_oxford.txt,"That futur temps° hath maad men to dissever,°",OXFORD,Infinitive must end in -en or -e,That futur temps hath maad men to dissevere,No exception (normal form)
maken,mak,v%inf,Book of the Duchess 263,data/oxford_txts/BD_oxford.txt,If he can mak me slepe sone,OXFORD,Infinitive must end in -en or -e,Yf he kan make me slepe sone,No exception (normal form)
lenen,lent,v%pt_pl,The Shipman's Tale 354,data/oxford_txts/ShipT_oxford.txt,Lent me gold; and as I can and may,OXFORD,Past plural must end in -en or -e,Lente me gold and as I kan and may,No exception (normal form)
faren,far,v%inf,The Wife of Bath's Prologue 501,data/oxford_txts/WBPro_oxford.txt,"Lat him far wel, God yeve his soule reste",OXFORD,Infinitive must end in -en or -e,Lat hym fare wel God yeve his soule reste,No exception (normal form)
ben,wer,v%pt_pl,House of Fame 1350,data/oxford_txts/HF_oxford.txt,And they wer set as thikke of nouchis°,OXFORD,Past plural must end in -en or -e,And they were set as thik of nouchis,No exception (normal form)
tellen,tell,v%inf,The Franklin's Tale 803,data/oxford_txts/FranT_oxford.txt,"¶Who coude tell, but° he had wedded be,°",OXFORD,Infinitive must end in -en or -e,Who koude telle but he hadde wedded be,No exception (normal form)
quiten,quit,v%inf,The Wife of Bath's Tale 1008,data/oxford_txts/WBT_oxford.txt,"Coud ye me wisse,° I wold wel quit your hire.”°",OXFORD,Infinitive must end in -en or -e,Koude ye me wisse I wolde wel quite youre hire,No exception (normal form)
seien,sey,v%inf,Book of the Duchess 651,data/oxford_txts/BD_oxford.txt,"Trowest thou?° by our Lorde, I wol thee sey.”°",OXFORD,Infinitive must end in -en or -e,Trowest thou By oure Lord I wol the seye,No exception (normal form)
durren,dorst,v%pt_pl,The Nun's Priest's Tale 2918,data/oxford_txts/NPT_oxford.txt,How dorst ye° seyn for shame unto your love,OXFORD,Past plural must end in -en or -e,How dorste ye seyn for shame unto youre love,No exception (normal form)
shulen,shold,v%pt_pl,Book of the Duchess 725,data/oxford_txts/BD_oxford.txt,Ye shold be dampned in this cas,OXFORD,Past plural must end in -en or -e,Ye sholde be dampned in this cas,No exception (normal form)
seien,sey,v%pr_pl,The Wife of Bath's Tale 1213,data/oxford_txts/WBT_oxford.txt,"¶“Now ther° ye sey, that I am foul and old",OXFORD,Present plural must end in -en or -e,Now ther ye seye that I am foul and old,No exception (normal form)
bisien,besied,v%pt_pl,Parliament of Fowls 192,data/oxford_txts/PF_oxford.txt,Som besied hem° hir briddes° forth to bringe;,OXFORD,Past plural must end in -en or -e,Some besyede hem here bryddes forth to brynge,No exception (normal form)
kissen,kiss,v%inf,The Pardoner's Tale 944,data/oxford_txts/PardT_oxford.txt,And thou shalt kiss the reliks everichon,OXFORD,Infinitive must end in -en or -e,And thou shalt kisse the relikes everychon,No exception (normal form)
sen,saw,v%pt_pl,The Franklin's Tale 895,data/oxford_txts/FranT_oxford.txt,¶Hir freendes saw that it was no disport°,OXFORD,Past plural must end in -en or -e,Hire freendes sawe that it was no disport,No exception (normal form)
meten,met,v%inf,Parliament of Fowls 108,data/oxford_txts/PF_oxford.txt,That made me to met° that he stood there;,OXFORD,Infinitive must end in -en or -e,That made me to mete that he stod there,No exception (normal form)
comen,comth,v%pr_3,The Wife of Bath's Tale 1162,data/oxford_txts/WBT_oxford.txt,Thy gentillesse comth fro God allone;,OXFORD,Present 3rd sg must end in -eth,Thy gentillesse cometh fro God allone,No exception (normal form)
ben,is,v%pr_3,Troilus and Criseyde; Book IV 167,data/oxford_txts/TC4_oxford.txt,"And seyn, that “Thorugh thy medling is yblowe",OXFORD,Present 3rd sg must end in -eth,And seyn that thorugh thy medlynge is iblowe,No exception (normal form)
haven,had,v%pt_pl,The Pardoner's Tale 880,data/oxford_txts/PardT_oxford.txt,For right as they had cast° his deeth bifore,OXFORD,Past plural must end in -en or -e,For right as they hadde cast his deeth bifoore,No exception (normal form)
senden,send,v%inf,Book of the Duchess 1024,data/oxford_txts/BD_oxford.txt,"Ne send men into Walakie,°",OXFORD,Infinitive must end in -en or -e,Ne sende men into Walakye,No exception (normal form)
connen,con,v%pr_pl,The Nun's Priest's Tale 2921,data/oxford_txts/NPT_oxford.txt,Allas! and con ye been° agast of swevenis?°,OXFORD,Present plural must end in -en or -e,Allas And konne ye been agast of swevenys,No exception (normal form)
winnen,win,v%inf,The Friar's Tale 1580,data/oxford_txts/FriT_oxford.txt,"Win thy cost,° tak heer ensample of me.’",OXFORD,Infinitive must end in -en or -e,Wynne thy cost taak heer ensample of me,No exception (normal form)
comen,come,v%pt_3,Book of the Duchess 78,data/oxford_txts/BD_oxford.txt,"Hath wonder, that the king ne come",OXFORD,Strong pt sg must not end in -en or -e,Hath wonder that the king ne com,No exception (normal form)
preien,pray,v%pr_pl,The Summoner's Tale 1945,data/oxford_txts/SumT_oxford.txt,In our chapitre° pray we day and night,OXFORD,Present plural must end in -en or -e,In our chapitre praye we day and nyght,No exception (normal form)
knouen,know,v%ppl,Book of the Duchess 666,data/oxford_txts/BD_oxford.txt,Ykoude and know° the jeupardies°,OXFORD,Strong participle must end in -en or -e,Ykoud and knowe the jeupardyes,No exception (normal form)
shulen,shold,v%pt_pl,The Franklin's Tale 1530,data/oxford_txts/FranT_oxford.txt,Than° ye to me shold breke thus your trouthe,OXFORD,Past plural must end in -en or -e,Than ye to me sholde breke thus youre trouthe,No exception (normal form)
sweren,swer,v%inf,Book of the Duchess 684,data/oxford_txts/BD_oxford.txt,I dar wel swer she took the beste!,OXFORD,Infinitive must end in -en or -e,I dar wel swere she took the beste,No exception (normal form)
maken,mak,v%inf,Book of the Duchess 909,data/oxford_txts/BD_oxford.txt,"To mak that fair, that trewly she",OXFORD,Infinitive must end in -en or -e,To make that fair that trewly she,No exception (normal form)
prien,pri,v%inf,Troilus and Criseyde; Book II 404,data/oxford_txts/TC2_oxford.txt,And send yow thanne a mirour in to prië,OXFORD,Infinitive must end in -en or -e,And sende yow than a myrour in to prye,No exception (normal form)
shinen,shoon,v%pt_pl,House of Fame 1289,data/oxford_txts/HF_oxford.txt,That shoon ful lighter than a glas,OXFORD,Past plural must end in -en or -e,That shoone ful lyghter than a glas,No exception (normal form)
heren,herd,v%pt_pl,The Squire's Tale 249,data/oxford_txts/SqT_oxford.txt,"Of craft of ringes° herd they never non,°",OXFORD,Past plural must end in -en or -e,Of craft of rynges herde they nevere noon,No exception (normal form)
seien,sey,v%inf,The Wife of Bath's Prologue 828,data/oxford_txts/WBPro_oxford.txt,"Now wol I sey my tale, if ye wol here.”",OXFORD,Infinitive must end in -en or -e,Now wol I seye my tale if ye wol heere,No exception (normal form)
boillen,boil,v%inf,The General Prologue 380,data/oxford_txts/GP_oxford.txt,To boil the chiknes with the marybones,OXFORD,Infinitive must end in -en or -e,To boille the chiknes with the marybones,No exception (normal form)
passen,pass,v%pr_pl,Book of the Duchess 41,data/oxford_txts/BD_oxford.txt,Pass we over until efte;°,OXFORD,Present plural must end in -en or -e,Passe we over untill eft,No exception (normal form)
taken,toke,v%pt_1,Book of the Duchess 839,data/oxford_txts/BD_oxford.txt,"So sodenly, that I ne toke",OXFORD,Strong pt sg must not end in -en or -e,So sodenly that I ne tok,No exception (normal form)
seien,sey,v%inf,The Wife of Bath's Prologue 666,data/oxford_txts/WBPro_oxford.txt,"¶“Now wol I sey yow sooth, by Seint Thomas",OXFORD,Infinitive must end in -en or -e,Now wol I seye yow sooth by Seint Thomas,No exception (normal form)
seien,seid,v%pt_pl,Troilus and Criseyde; Book III 301,data/oxford_txts/TC3_oxford.txt,Al seid men sooth as often as they gabbe.,OXFORD,Past plural must end in -en or -e,Al seyde men soth as often as thei gabbe,No exception (normal form)
haven,had,v%pt_pl,The Nun's Priest's Tale 3121,data/oxford_txts/NPT_oxford.txt,"That ye had rad° his legende, as have I.",OXFORD,Past plural must end in -en or -e,That ye hadde rad his legende as have I,No exception (normal form)
preien,prey,v%inf,The Summoner's Tale 1976,data/oxford_txts/SumT_oxford.txt,To prey for yow is ay° so diligent,OXFORD,Infinitive must end in -en or -e,To preye for yow is ay so diligent,No exception (normal form)
shinen,shoon,v%pt_pl,House of Fame 507,data/oxford_txts/HF_oxford.txt,So shoon the egles fethres brighte,OXFORD,Past plural must end in -en or -e,So shone the egles fethers bryghte,No exception (normal form)
haven,had,v%pt_pl,The Wife of Bath's Prologue 565,data/oxford_txts/WBPro_oxford.txt,"Til trewely we had swich daliance,°",OXFORD,Past plural must end in -en or -e,Til trewely we hadde swich daliance,No exception (normal form)
ben,wer,v%pt_pl,The Shipman's Tale 35,data/oxford_txts/ShipT_oxford.txt,Wer bothe two yborn in o° village,OXFORD,Past plural must end in -en or -e,Were bothe two yborn in o village,No exception (normal form)
blouen,blow,v%inf,House of Fame 1790,data/oxford_txts/HF_oxford.txt,"Go, blow this folk a sory grace,”°",OXFORD,Infinitive must end in -en or -e,Goo blowe this folk a sory grace,No exception (normal form)
moten,mot,v%pt_pl,Troilus and Criseyde; Book IV 1376,data/oxford_txts/TC4_oxford.txt,"Mot spenden part, the remenaunt for to save.",OXFORD,Past plural must end in -en or -e,Mote spenden part the remenant for to save,No exception (normal form)
willen,wold,v%pt_pl,The Franklin's Tale 1421,data/oxford_txts/FranT_oxford.txt,Wel rather than they wold defouled be?,OXFORD,Past plural must end in -en or -e,Wel rather than they wolde defouled be,No exception (normal form)
shulen,shold,v%pt_pl,The Shipman's Tale 352,data/oxford_txts/ShipT_oxford.txt,"Of twenty thousand sheeld shold ye nat misse,°",OXFORD,Past plural must end in -en or -e,Of twenty thousand sheeld sholde ye nat mysse,No exception (normal form)
bringen,broughte,v%pt_3,Troilus and Criseyde; Book IV 203,data/oxford_txts/TC4_oxford.txt,"Of Antenor, that broughte hem to mischaunce!",OXFORD,"Weak pt sg must end in -ed, -d, or -t",Of Antenor that brought hem to meschaunce,No exception (normal form)
seien,sey,v%inf,The Clerk's Tale 771,data/oxford_txts/ClT_oxford.txt,But sey the maiden sholde ywedded be,OXFORD,Infinitive must end in -en or -e,But seye the mayden sholde ywedded be,No exception (normal form)
moten,most,v%pt_pl,The Wife of Bath's Prologue 427,data/oxford_txts/WBPro_oxford.txt,"That they most yeve it up,° as for the beste;",OXFORD,Past plural must end in -en or -e,That they moste yeve it up as for the beste,No exception (normal form)
taken,tooke,v%pt_3,Book of the Duchess 273,data/oxford_txts/BD_oxford.txt,Suche a lust° anoon me tooke°,OXFORD,Strong pt sg must not end in -en or -e,Such a lust anoon me took,No exception (normal form)
seien,sey,v%inf,The Pardoner's Tale 572,data/oxford_txts/PardT_oxford.txt,"And thanne wol he sey, “Sampsoun, Sampsoun.”",OXFORD,Infinitive must end in -en or -e,And thanne wol he seye Sampsoun Sampsoun,No exception (normal form)
connen,kan,v%pr_pl,The Reeve's Tale 4123,data/oxford_txts/RvT_oxford.txt,Ye kan by argumentes make a place,OXFORD,Present plural must end in -en or -e,Ye konne by argumentes make a place,No exception (normal form)
seien,sey,v%inf,The Friar's Tale 1394,data/oxford_txts/FriT_oxford.txt,"Sey that he was a somnour, for° the name.°",OXFORD,Infinitive must end in -en or -e,Seye that he was a somonour for the name,No exception (normal form)
preien,pray,v%inf,The Wife of Bath's Prologue 184,data/oxford_txts/WBPro_oxford.txt,"¶“Dame, I wold pray yow, if your wil it were,”",OXFORD,Infinitive must end in -en or -e,Dame I wolde praye yow if youre wyl it were,No exception (normal form)
putten,put,v%inf,House of Fame 598,data/oxford_txts/HF_oxford.txt,I dar wel put thee out° of doute—,OXFORD,Infinitive must end in -en or -e,I dar wel putte the out of doute,No exception (normal form)
seien,sey,v%inf,The Canon's Yeoman's Tale 1339,data/oxford_txts/CYT_oxford.txt,"To° fir and hamer; might no man sey nay,°",OXFORD,Infinitive must end in -en or -e,To fir and hamer myghte no man seye nay,No exception (normal form)
swepen,sweep,v%inf,The Canon's Yeoman's Tale 936,data/oxford_txts/CYT_oxford.txt,"As usage° is, lat sweep the floor as swithe,°",OXFORD,Infinitive must end in -en or -e,As usage is lat swepe the floor as swithe,No exception (normal form)
connen,coud,v%pt_pl,The Wife of Bath's Tale 1008,data/oxford_txts/WBT_oxford.txt,"Coud ye me wisse,° I wold wel quit your hire.”°",OXFORD,Past plural must end in -en or -e,Koude ye me wisse I wolde wel quite youre hire,No exception (normal form)
imaginen,imagining,v%inf,Troilus and Criseyde; Book I 372,data/oxford_txts/TC1_oxford.txt,Imagining that travaille nor grame,OXFORD,Infinitive must end in -en or -e,Imagenynge that travaille nor grame,No exception (normal form)
claimen,claim,v%pr_pl,The Wife of Bath's Tale 1120,data/oxford_txts/WBT_oxford.txt,"For which we claim to been of heigh parage,°",OXFORD,Present plural must end in -en or -e,For which we clayme to been of heigh parage,No exception (normal form)
seien,sey,v%inf,Troilus and Criseyde; Book IV 831,data/oxford_txts/TC4_oxford.txt,Wher shal I sey to yow ‘welcome’ or no,OXFORD,Infinitive must end in -en or -e,Wher shal I seye to yow welcom or no,No exception (normal form)
biginnen,began,v%pt_pl,House of Fame 1220,data/oxford_txts/HF_oxford.txt,That craftely began to pipe,OXFORD,Past plural must end in -en or -e,That craftely begunne to pipe,No exception (normal form)
willen,wol,v%pr_pl,The Clerk's Tale 361,data/oxford_txts/ClT_oxford.txt,"But as ye wol yourself, right so wol° I.",OXFORD,Present plural must end in -en or -e,But as ye wole youreself right so wol I,No exception (normal form)
paien,pay,v%inf,The Shipman's Tale 414,data/oxford_txts/ShipT_oxford.txt,For I wol pay yow wel and redily,OXFORD,Infinitive must end in -en or -e,For I wol paye yow wel and redily,No exception (normal form)
comen,com,v%inf,The Wife of Bath's Prologue 153,data/oxford_txts/WBPro_oxford.txt,Whan that him list° com forth and paye his dette.,OXFORD,Infinitive must end in -en or -e,Whan that hym list come forth and paye his dette,No exception (normal form)
seien,sey,v%inf,The Wife of Bath's Prologue 654,data/oxford_txts/WBPro_oxford.txt,"Than wolde he sey right thus, withouten doute",OXFORD,Infinitive must end in -en or -e,Thanne wolde he seye right thus withouten doute,No exception (normal form)
answeren,answerde,v%pt_1,House of Fame 1896,data/oxford_txts/HF_oxford.txt,"And I answerde, “No, pardee!",OXFORD,"Weak pt sg must end in -ed, -d, or -t",And I answered Noo parde,No exception (normal form)
deliveren,deliver,v%inf,The Shipman's Tale 200,data/oxford_txts/ShipT_oxford.txt,I wol deliver yow out of this care;°,OXFORD,Infinitive must end in -en or -e,I wol delyvere yow out of this care,No exception (normal form)
haven,hadde,v%pt_1,Troilus and Criseyde; Book IV 96,data/oxford_txts/TC4_oxford.txt,Allas! I ne hadde ybrought hir in hir sherte!,OXFORD,"Weak pt sg must end in -ed, -d, or -t",Allas I ne hadde ibrought hire in hire sherte,No exception (normal form)
bistouen,bistow,v%inf,The Wife of Bath's Prologue 113,data/oxford_txts/WBPro_oxford.txt,I wol bistow the flour° of al min age°,OXFORD,Infinitive must end in -en or -e,I wol bistowe the flour of al myn age,No exception (normal form)
knouen,know,v%pr_pl,The Wife of Bath's Prologue 90,data/oxford_txts/WBPro_oxford.txt,Ye know what this ensample may resemble.°,OXFORD,Present plural must end in -en or -e,Ye knowe what this ensample may resemble,No exception (normal form)
haven,had,v%pt_pl,The Wife of Bath's Prologue 212,data/oxford_txts/WBPro_oxford.txt,And sith they had me yeven° all hir lond,OXFORD,Past plural must end in -en or -e,And sith they hadde me yeven al hir lond,No exception (normal form)
seien,sey,v%inf,The Canon's Yeoman's Tale 956,data/oxford_txts/CYT_oxford.txt,"But, be it hoot or cold, I dar sey this",OXFORD,Infinitive must end in -en or -e,But be it hoot or coold I dar seye this,No exception (normal form)
ben,wer,v%pt_pl,The Monk's Tale 2088,data/oxford_txts/MkT_oxford.txt,And eek three thousand bodies wer ther slain,OXFORD,Past plural must end in -en or -e,And eek thre thousand bodyes were ther slayn,No exception (normal form)
pleien,pley,v%inf,Book of the Duchess 961,data/oxford_txts/BD_oxford.txt,¶“Therto she coude so wel pley,OXFORD,Infinitive must end in -en or -e,Therto she koude so wel pleye,No exception (normal form)
preien,pray,v%inf,The Summoner's Tale 1960,data/oxford_txts/SumT_oxford.txt,To pray for yow ben insufficient?,OXFORD,Infinitive must end in -en or -e,To praye for yow been insufficient,No exception (normal form)
mouen,mow,v%pr_pl,The Canon's Yeoman's Tale 909,data/oxford_txts/CYT_oxford.txt,Our walles mow° nat make hem resistence,OXFORD,Present plural must end in -en or -e,Oure walles mowe nat make hem resistence,No exception (normal form)
shulen,shold,v%pt_pl,The Wife of Bath's Prologue 138,data/oxford_txts/WBPro_oxford.txt,Than shold men take of chastitee no cure.°,OXFORD,Past plural must end in -en or -e,Thanne sholde men take of chastitee no cure,No exception (normal form)
taken,toke,v%pt_3,Book of the Duchess 48,data/oxford_txts/BD_oxford.txt,"A romaunce, and he it me toke°",OXFORD,Strong pt sg must not end in -en or -e,A romaunce and he it me tok,No exception (normal form)
holden,hold,v%pr_pl,The Summoner's Tale 1959,data/oxford_txts/SumT_oxford.txt,"Hold ye° than me, or elles our covent",OXFORD,Present plural must end in -en or -e,Holde ye thanne me or elles oure covent,No exception (normal form)
seien,sey,v%inf,The Wife of Bath's Prologue 195,data/oxford_txts/WBPro_oxford.txt,"I shal sey sooth, tho housbonds that I hadde",OXFORD,Infinitive must end in -en or -e,I shal seye sooth tho housbondes that I hadde,No exception (normal form)
seien,sey,v%inf,Book of the Duchess 962,data/oxford_txts/BD_oxford.txt,"Whan that hir list, that I dar sey",OXFORD,Infinitive must end in -en or -e,Whan that hir lyste that I dar seye,No exception (normal form)
speken,spake,v%pt_3,House of Fame 1870,data/oxford_txts/HF_oxford.txt,Me thoughte goodly° to me spake,OXFORD,Strong pt sg must not end in -en or -e,Me thoughte goodly to me spak,No exception (normal form)
witen,wit,v%pr_pl,The Canon's Yeoman's Tale 906,data/oxford_txts/CYT_oxford.txt,And wit° ye how? ful ofte it happeth so,OXFORD,Present plural must end in -en or -e,And wite ye how Ful ofte it happeth so,No exception (normal form)
areden,ared,v%inf,Book of the Duchess 289,data/oxford_txts/BD_oxford.txt,"I trowe, ared° my dremes even.°",OXFORD,Infinitive must end in -en or -e,I trowe arede my dremes even,No exception (normal form)
biholden,bihelde,v%pt_3,Troilus and Criseyde; Book II 1606,data/oxford_txts/TC2_oxford.txt,And goodly on Criseyde she bihelde,OXFORD,Strong pt sg must not end in -en or -e,And goodly on Criseyde she biheld,No exception (normal form)
seien,seyn,v%inf,Troilus and Criseyde; Book II 684,data/oxford_txts/TC2_oxford.txt,"And, sooth to seyn, she nas nat al a fo",OXFORD,Infinitive must end in -en or -e,And soth to seyne she nas not al a foo,No exception (normal form)
willen,wold,v%pt_pl,Book of the Duchess 1130,data/oxford_txts/BD_oxford.txt,But wold ye tel me the manere,OXFORD,Past plural must end in -en or -e,But wolde ye tel me the manere,No exception (normal form)
finden,fonde,v%pt_3,The Monk's Tale 2331,data/oxford_txts/MkT_oxford.txt,"That he nas° glad, if he that grace° fonde,°",OXFORD,Strong pt sg must not end in -en or -e,That he nas glad if he that grace fond,No exception (normal form)
appareillen,apparail,v%inf,The Wife of Bath's Prologue 343,data/oxford_txts/WBPro_oxford.txt,"Ye wommen shul apparail yow,” quod he",OXFORD,Infinitive must end in -en or -e,Ye wommen shul apparaille yow quod he,No exception (normal form)
seien,sey,v%inf,The Nun's Priest's Tale 3425,data/oxford_txts/NPT_oxford.txt,"I shal sey sooth° to yow, God help me so.”",OXFORD,Infinitive must end in -en or -e,I shal seye sooth to yow God help me so,No exception (normal form)
haven,had,v%pt_pl,The Wife of Bath's Prologue 428,data/oxford_txts/WBPro_oxford.txt,Or elles had we never been in reste.,OXFORD,Past plural must end in -en or -e,Or elles hadde we nevere been in reste,No exception (normal form)
seien,sey,v%inf,Book of the Duchess 830,data/oxford_txts/BD_oxford.txt,"Shortly, what shal I more sey?",OXFORD,Infinitive must end in -en or -e,Shortly what shal y more seye,No exception (normal form)
comen,com,v%inf,The Wife of Bath's Tale 984,data/oxford_txts/WBT_oxford.txt,Whan that he saugh he might nat com therby,OXFORD,Infinitive must end in -en or -e,Whan that he saugh he myghte nat come therby,No exception (normal form)
comen,cam,v%pt_pl,Book of the Duchess 372,data/oxford_txts/BD_oxford.txt,Whan we cam to the forest side,OXFORD,Past plural must end in -en or -e,Whan we came to the forest syde,No exception (normal form)
seien,sey,v%inf,The Wife of Bath's Tale 1073,data/oxford_txts/WBT_oxford.txt,"¶Now wolden som men sey, paraventure",OXFORD,Infinitive must end in -en or -e,Now wolden som men seye paraventure,No exception (normal form)
savouren,savour,v%inf,The Wife of Bath's Prologue 171,data/oxford_txts/WBPro_oxford.txt,"Er that I go, shal savour° wors than ale.",OXFORD,Infinitive must end in -en or -e,Er that I go shal savoure wors than ale,No exception (normal form)
knouen,know,v%pr_pl,The Franklin's Tale 1113,data/oxford_txts/FranT_oxford.txt,And wel ye know that of a sursanure°,OXFORD,Present plural must end in -en or -e,And wel ye knowe that of a sursanure,No exception (normal form)
pleien,pley,v%inf,Book of the Duchess 239,data/oxford_txts/BD_oxford.txt,And yet me list right evel to pley—,OXFORD,Infinitive must end in -en or -e,And yet me lyst ryght evel to pleye,No exception (normal form)
paien,pay,v%inf,The Canon's Yeoman's Tale 1361,data/oxford_txts/CYT_oxford.txt,"Ye shul pay fourty pound, so God me save!",OXFORD,Infinitive must end in -en or -e,Ye shul paye fourty pound so God me save,No exception (normal form)
witen,wit,v%inf,The Friar's Tale 1514,data/oxford_txts/FriT_oxford.txt,Thou wolt algates° wit° how we ben shape;,OXFORD,Infinitive must end in -en or -e,Thou wolt algates wite how we been shape,No exception (normal form)
hongen,hang,v%inf,The Canon's Yeoman's Tale 1029,data/oxford_txts/CYT_oxford.txt,Another day do hang me by the hals!”°,OXFORD,Infinitive must end in -en or -e,Another day do hange me by the hals,No exception (normal form)
maken,mak,v%inf,Book of the Duchess 553,data/oxford_txts/BD_oxford.txt,"For, by my trouth,° to mak you hool,°",OXFORD,Infinitive must end in -en or -e,For by my trouthe to make yow hool,No exception (normal form)
drauen,draw,v%ppl,Book of the Duchess 682,data/oxford_txts/BD_oxford.txt,I wolde have draw the same draught.°,OXFORD,Strong participle must end in -en or -e,I wolde have drawe the same draughte,No exception (normal form)
purveien,purveith,v%pr_3,Troilus and Criseyde; Book IV 1066,data/oxford_txts/TC4_oxford.txt,But that God purveith thing that is to come,OXFORD,Present 3rd sg must end in -eth,But that God purveyeth thyng that is to come,No exception (normal form)
kissen,kiss,v%inf,The Miller's Tale 3284,data/oxford_txts/MilT_oxford.txt,"And seide, “I wol nat kiss thee, by my fey",OXFORD,Infinitive must end in -en or -e,And seyde I wol nat kisse thee by my fey,No exception (normal form)
haven,had,v%pt_pl,House of Fame 1138,data/oxford_txts/HF_oxford.txt,"That had ybeen in mochel wele,°",OXFORD,Past plural must end in -en or -e,That had iben in mochel wele,No exception (normal form)
witen,wist,v%pt_pl,Troilus and Criseyde; Book IV 1618,data/oxford_txts/TC4_oxford.txt,“For if ye wist how sore it doth me smerte,OXFORD,Past plural must end in -en or -e,For if ye wiste how soore it doth me smerte,No exception (normal form)
shulen,shuld,v%pt_pl,Parliament of Fowls 590,data/oxford_txts/PF_oxford.txt,That men shuld loven alwey causeles,OXFORD,Past plural must end in -en or -e,That men shulde loven alwey causeles,No exception (normal form)
trouen,trow,v%inf,Troilus and Criseyde; Book V 902,data/oxford_txts/TC5_oxford.txt,And that anoon; ye nil not trow how sone;,OXFORD,Infinitive must end in -en or -e,And that anon ye nyl nat trowe how sone,No exception (normal form)
ben,wer,v%pt_pl,The Franklin's Tale 892,data/oxford_txts/FranT_oxford.txt,Wer sonken° into helle for his sake!,OXFORD,Past plural must end in -en or -e,Were sonken into helle for his sake,No exception (normal form)
aspien,aspyede,v%pt_3,Troilus and Criseyde; Book III 85,data/oxford_txts/TC3_oxford.txt,Criseyde al this aspyede wel ynough,OXFORD,"Weak pt sg must end in -ed, -d, or -t",Criseyde al this aspied wel ynough,No exception (normal form)
maken,mak,v%inf,Book of the Duchess 1160,data/oxford_txts/BD_oxford.txt,Althogh I coud not mak so wele,OXFORD,Infinitive must end in -en or -e,Althogh I koude not make so wel,No exception (normal form)
dien,dey,v%inf,Book of the Duchess 692,data/oxford_txts/BD_oxford.txt,But live and dey° right in this thoght.,OXFORD,Infinitive must end in -en or -e,But lyve and deye ryght in this thoght,No exception (normal form)
bringen,bring,v%inf,The Wife of Bath's Prologue 221,data/oxford_txts/WBPro_oxford.txt,To bring me gaye thinges fro the faire.,OXFORD,Infinitive must end in -en or -e,To brynge me gaye thynges fro the fayre,No exception (normal form)
comen,comth,v%pr_3,Troilus and Criseyde; Book I 402,data/oxford_txts/TC1_oxford.txt,"If love be good, from whennes comth my wo?",OXFORD,Present 3rd sg must end in -eth,If love be good from whennes cometh my woo,No exception (normal form)
breken,breek,v%pr_pl,The Franklin's Tale 1320,data/oxford_txts/FranT_oxford.txt,"Aviseth yow,° er that ye breek your trouthe.°",OXFORD,Present plural must end in -en or -e,Avyseth yow er that ye breke youre trouthe,No exception (normal form)
mouen,mow,v%pr_pl,The Merchant's Tale 1838,data/oxford_txts/MerT_oxford.txt,For in our actes we mow do no sinne.,OXFORD,Present plural must end in -en or -e,For in oure actes we mowe do no synne,No exception (normal form)
seien,sey,v%pr_pl,Troilus and Criseyde; Book II 801,data/oxford_txts/TC2_oxford.txt,"And coye hem, that they sey non harm of me?",OXFORD,Present plural must end in -en or -e,And coye hem that they seye noon harm of me,No exception (normal form)
comen,com,v%inf,The Canon's Yeoman's Tale 1216,data/oxford_txts/CYT_oxford.txt,"But go with yow, and com with yow agein.”",OXFORD,Infinitive must end in -en or -e,But go with yow and come with yow ageyn,No exception (normal form)
greten,gret,v%inf,The Clerk's Tale 1014,data/oxford_txts/ClT_oxford.txt,"With other folk, to gret the markisesse",OXFORD,Infinitive must end in -en or -e,With oother folk to greete the markysesse,No exception (normal form)
haven,had,v%pt_pl,The Pardoner's Tale 892,data/oxford_txts/PardT_oxford.txt,"Than had thise wrecches two, er hir ending.°",OXFORD,Past plural must end in -en or -e,Than hadde thise wrecches two er hir endyng,No exception (normal form)
putten,put,v%inf,Troilus and Criseyde; Book IV 1512,data/oxford_txts/TC4_oxford.txt,To put that sikernesse in jupartie.,OXFORD,Infinitive must end in -en or -e,To putte that sikernesse in jupertie,No exception (normal form)
seien,sey,v%inf,The Wife of Bath's Tale 1019,data/oxford_txts/WBT_oxford.txt,"That dar sey nay, of that I shal thee teche;",OXFORD,Infinitive must end in -en or -e,That dar seye nay of that I shal thee teche,No exception (normal form)
shulen,shold,v%pt_pl,The Miller's Tale 3454,data/oxford_txts/MilT_oxford.txt,Men shold nat knowe of Goddes privetee.°,OXFORD,Past plural must end in -en or -e,Men sholde nat knowe of Goddes pryvetee,No exception (normal form)
helen,heel,v%inf,Book of the Duchess 571,data/oxford_txts/BD_oxford.txt,Ne° heel me may no phisicien,OXFORD,Infinitive must end in -en or -e,Ne hele me may no phisicien,No exception (normal form)
tellen,tell,v%inf,The Shipman's Tale 120,data/oxford_txts/ShipT_oxford.txt,“Dar I nat tell how that it stant with me.,OXFORD,Infinitive must end in -en or -e,Dar I nat telle how that it stant with me,No exception (normal form)
shulen,shold,v%pt_pl,The Franklin's Tale 1220,data/oxford_txts/FranT_oxford.txt,What somme° shold this maistres gerdon° be,OXFORD,Past plural must end in -en or -e,What somme sholde this maistres gerdon be,No exception (normal form)
tellen,tell,v%inf,The Knight's Tale 1967,data/oxford_txts/KnT_oxford.txt,¶Why sholde I noght as wel eek tell yow al,OXFORD,Infinitive must end in -en or -e,Why sholde I noght as wel eek telle yow al,No exception (normal form)
undertaken,undertak,v%inf,The Squire's Tale 36,data/oxford_txts/SqT_oxford.txt,I dar nat undertak so heigh a thing.,OXFORD,Infinitive must end in -en or -e,I dar nat undertake so heigh a thyng,No exception (normal form)
finden,find,v%pr_pl,The Nun's Priest's Tale 2957,data/oxford_txts/NPT_oxford.txt,Ne find yow nat repleet° of humours hote;,OXFORD,Present plural must end in -en or -e,Ne fynde yow nat repleet of humours hoote,No exception (normal form)
answeren,answer,v%inf,The Shipman's Tale 412,data/oxford_txts/ShipT_oxford.txt,"I wol answer yow shortly, to the point.",OXFORD,Infinitive must end in -en or -e,I wol answere yow shortly to the poynt,No exception (normal form)
liven,lived,v%pt_pl,Book of the Duchess 915,data/oxford_txts/BD_oxford.txt,That ever lived were now alive,OXFORD,Past plural must end in -en or -e,That ever livede were now alyve,No exception (normal form)
maken,mak,v%pr_pl,The Friar's Tale 1505,data/oxford_txts/FriT_oxford.txt,Mak ye yow newe bodies thus alway,OXFORD,Present plural must end in -en or -e,Make ye yow newe bodies thus alway,No exception (normal form)
shulen,shold,v%pt_pl,The Franklin's Tale 1478,data/oxford_txts/FranT_oxford.txt,But if ye shold° your trouthe kepe and save.°,OXFORD,Past plural must end in -en or -e,But if ye sholde youre trouthe kepe and save,No exception (normal form)
ben,wer,v%pt_pl,The Canon's Yeoman's Tale 864,data/oxford_txts/CYT_oxford.txt,"For had we him,° than wer we siker ynow.°",OXFORD,Past plural must end in -en or -e,For hadde we hym thanne were we siker ynow,No exception (normal form)
speken,spake,v%pt_3,The Pardoner's Tale 776,data/oxford_txts/PardT_oxford.txt,¶The worste of hem he spake the firste word.,OXFORD,Strong pt sg must not end in -en or -e,The worste of hem he spak the firste word,No exception (normal form)
wedden,wed,v%inf,The Wife of Bath's Prologue 168,data/oxford_txts/WBPro_oxford.txt,Yet hadde I lever° wed no wif toyere!”°,OXFORD,Infinitive must end in -en or -e,Yet hadde I levere wedde no wyf toyeere,No exception (normal form)
paien,pay,v%inf,The General Prologue 834,data/oxford_txts/GP_oxford.txt,Shal pay for al that by the wey is spent.,OXFORD,Infinitive must end in -en or -e,Shal paye for al that by the wey is spent,No exception (normal form)
haven,hath,v%pr_3,Parliament of Fowls 38,data/oxford_txts/PF_oxford.txt,That him for joye in armes hath ynome.°,OXFORD,Present 3rd sg must end in -eth,That hym for joie in armes hath inome,No exception (normal form)
pleien,pley,v%inf,Book of the Duchess 850,data/oxford_txts/BD_oxford.txt,Laughe and pley so womanly,OXFORD,Infinitive must end in -en or -e,Laughe and pleye so womanly,No exception (normal form)
comen,com,v%ppl,Book of the Duchess 135,data/oxford_txts/BD_oxford.txt,"¶Whan he was com, she bad him thus:",OXFORD,Strong participle must end in -en or -e,Whan he was come she bad hym thus,No exception (normal form)
finden,found,v%ppl,House of Fame 2054,data/oxford_txts/HF_oxford.txt,"“That shal be found, that dar I leye”°:—",OXFORD,Strong participle must end in -en or -e,That shal be founde That dar I leye,No exception (normal form)
sitten,sete,v%pt_3,Book of the Duchess 501,data/oxford_txts/BD_oxford.txt,He ferd° thus evel° there° he sete,OXFORD,Strong pt sg must not end in -en or -e,He ferde thus evel there he set,No exception (normal form)
ben,wer,v%pt_pl,The Wife of Bath's Prologue 118,data/oxford_txts/WBPro_oxford.txt,"Trusteth right wel, they wer nat maad for noght.",OXFORD,Past plural must end in -en or -e,Trusteth right wel they were nat maad for noght,No exception (normal form)
loken,lok,v%inf,The Wife of Bath's Prologue 317,data/oxford_txts/WBPro_oxford.txt,"I trow,° thou woldest lok° me in thy chiste!",OXFORD,Infinitive must end in -en or -e,I trowe thou woldest loke me in thy chiste,No exception (normal form)
tellen,tell,v%inf,The Franklin's Tale 1316,data/oxford_txts/FranT_oxford.txt,Noght wolde I° tell how me is wo bigon;°,OXFORD,Infinitive must end in -en or -e,Noght wolde I telle how me is wo bigon,No exception (normal form)
seien,sey,v%inf,The Merchant's Tale 1254,data/oxford_txts/MerT_oxford.txt,"I can nat sey, but swich a greet corage°",OXFORD,Infinitive must end in -en or -e,I kan nat seye but swich a greet corage,No exception (normal form)
taken,tak,v%inf,The Pardoner's Tale 886,data/oxford_txts/PardT_oxford.txt,To tak the botel ther° the poison was,OXFORD,Infinitive must end in -en or -e,To take the botel ther the poyson was,No exception (normal form)
knouen,know,v%pr_pl,Parliament of Fowls 386,data/oxford_txts/PF_oxford.txt,"Ye know wel how, Seint Valentines day",OXFORD,Present plural must end in -en or -e,Ye knowe wel how Seynt Valentynes day,No exception (normal form)
seien,sey,v%inf,The Miller's Tale 3412,data/oxford_txts/MilT_oxford.txt,And to hir housbonde bad° hir for to sey,OXFORD,Infinitive must end in -en or -e,And to hire housbonde bad hire for to seye,No exception (normal form)
moten,moot,v%pr_pl,The General Prologue 232,data/oxford_txts/GP_oxford.txt,Men moot yeve silver to the povre freres.,OXFORD,Present plural must end in -en or -e,Men moote yeve silver to the povre freres,No exception (normal form)
putten,put,v%pt_pl,The Canon's Yeoman's Tale 1338,data/oxford_txts/CYT_oxford.txt,"They wente, and put thes teines in assay°",OXFORD,Past plural must end in -en or -e,They wente and putte thise teynes in assay,No exception (normal form)
understonden,understoode,v%pt_3,Book of the Duchess 1011,data/oxford_txts/BD_oxford.txt,And reson gladly she understoode,OXFORD,Strong pt sg must not end in -en or -e,And reson gladly she understood,No exception (normal form)
holden,hold,v%inf,Book of the Duchess 754,data/oxford_txts/BD_oxford.txt,¶“Gladly.” “Do than hold herto!”,OXFORD,Infinitive must end in -en or -e,Gladly Do thanne holde hereto,No exception (normal form)
discoveren,discover,v%pr_pl,The Merchant's Tale 1942,data/oxford_txts/MerT_oxford.txt,“Mercy! And that ye nat discover° me;,OXFORD,Present plural must end in -en or -e,Mercy And that ye nat discovere me,No exception (normal form)
comen,com,v%ppl,The Wife of Bath's Tale 988,data/oxford_txts/WBT_oxford.txt,"The day was com that hoomward moste he tourne,°",OXFORD,Strong participle must end in -en or -e,The day was come that homward moste he tourne,No exception (normal form)
feinten,faint,v%inf,Book of the Duchess 488,data/oxford_txts/BD_oxford.txt,His sorwful hert gan faste faint,OXFORD,Infinitive must end in -en or -e,Hys sorwful hert gan faste faynte,No exception (normal form)
bresten,breste,v%pt_3,Troilus and Criseyde; Book II 1108,data/oxford_txts/TC2_oxford.txt,"And she to laugh, it thoughte hir herte breste.",OXFORD,Strong pt sg must not end in -en or -e,And she to laughe it thoughte hire herte brest,No exception (normal form)
don,doon,v%inf,Troilus and Criseyde; Book II 696,data/oxford_txts/TC2_oxford.txt,"And what to doon best were, and what eschue",OXFORD,Infinitive must end in -en or -e,And what to doone best were and what eschue,No exception (normal form)
lien,lith,v%pr_3,Book of the Duchess 527,data/oxford_txts/BD_oxford.txt,"Quod he, “for ther lith noon therto;",OXFORD,Present 3rd sg must end in -eth,Quod he for ther lyeth noon therto,No exception (normal form)
leten,let,v%inf,The Friar's Tale 1362,data/oxford_txts/FriT_oxford.txt,"And pile° the man, and let the wenche go.",OXFORD,Infinitive must end in -en or -e,And pile the man and lete the wenche go,No exception (normal form)
singen,sing,v%inf,Book of the Duchess 318,data/oxford_txts/BD_oxford.txt,"To sing, for ech of hem him peined",OXFORD,Infinitive must end in -en or -e,To synge for ech of hem hym peyned,No exception (normal form)
hongen,henge,v%pt_3,Book of the Duchess 729,data/oxford_txts/BD_oxford.txt,"Henge hirself, so weylaway!",OXFORD,Strong pt sg must not end in -en or -e,Heng hirself so weylaway,No exception (normal form)
biholden,behelde,v%pt_1,House of Fame 897,data/oxford_txts/HF_oxford.txt,And behelde feldes° and plaines,OXFORD,Strong pt sg must not end in -en or -e,And beheld feldes and playnes,No exception (normal form)
thinken,think,v%inf,Parliament of Fowls 548,data/oxford_txts/PF_oxford.txt,Me wolde think how that the worthieste,OXFORD,Infinitive must end in -en or -e,Me wolde thynke how that the worthieste,No exception (normal form)
mouen,might,v%pt_pl,The Prioress' Tale 493,data/oxford_txts/PrT_oxford.txt,"And thurgh the strete men might ride or wende,°",OXFORD,Past plural must end in -en or -e,And thurgh the strete men myghte ride or wende,No exception (normal form)
moten,mot,v%pr_pl,The Clerk's Tale 526,data/oxford_txts/ClT_oxford.txt,"“Madame,” he seide, “ye mot foryeve it me",OXFORD,Present plural must end in -en or -e,Madame he seyde ye moote foryeve it me,No exception (normal form)
sen,saw,v%pt_pl,House of Fame 504,data/oxford_txts/HF_oxford.txt,That never saw men such a sighte,OXFORD,Past plural must end in -en or -e,That never sawe men such a syghte,No exception (normal form)
seien,sey,v%inf,The Summoner's Tale 2011,data/oxford_txts/SumT_oxford.txt,I coude of ire sey so muche sorwe,OXFORD,Infinitive must end in -en or -e,I koude of ire seye so muche sorwe,No exception (normal form)
fonden,fond,v%inf,Book of the Duchess 1332,data/oxford_txts/BD_oxford.txt,Fond° to put this swevene in rime°,OXFORD,Infinitive must end in -en or -e,Fonde to put this sweven in ryme,No exception (normal form)
neden,need,v%inf,Book of the Duchess 256,data/oxford_txts/BD_oxford.txt,Him thar not need° to turnen ofte.,OXFORD,Infinitive must end in -en or -e,Hym thar not nede to turnen ofte,No exception (normal form)
willen,wold,v%pt_pl,Book of the Duchess 351,data/oxford_txts/BD_oxford.txt,How they wold slee the hert° with strengthe,OXFORD,Past plural must end in -en or -e,How they wolde slee the hert with strengthe,No exception (normal form)
heren,heer,v%pr_pl,The Franklin's Tale 953,data/oxford_txts/FranT_oxford.txt,In other maner than ye heer me seye,OXFORD,Present plural must end in -en or -e,In oother manere than ye heere me seye,No exception (normal form)
tellen,tel,v%inf,The Squire's Tale 34,data/oxford_txts/SqT_oxford.txt,But for to tel yow al hir beautee,OXFORD,Infinitive must end in -en or -e,But for to telle yow al hir beautee,No exception (normal form)
knouen,know,v%inf,The Second Nun's Tale 238,data/oxford_txts/SNT_oxford.txt,"To know the trouthe, as I do in this place.”",OXFORD,Infinitive must end in -en or -e,To knowe the trouthe as I do in this place,No exception (normal form)
tellen,tell,v%inf,The General Prologue 831,data/oxford_txts/GP_oxford.txt,Lat se now who shal tell the firste tale.,OXFORD,Infinitive must end in -en or -e,Lat se now who shal telle the firste tale,No exception (normal form)
speken,spake,v%pt_3,House of Fame 555,data/oxford_txts/HF_oxford.txt,Til at the laste he to me spake,OXFORD,Strong pt sg must not end in -en or -e,Til at the laste he to me spak,No exception (normal form)
maken,mak,v%inf,Parliament of Fowls 312,data/oxford_txts/PF_oxford.txt,And that so huge a noise gan they mak,OXFORD,Infinitive must end in -en or -e,And that so huge a noyse gan they make,No exception (normal form)
