infinitive,preterite,past_participle,classification,notes
abaishen,,"abaist(2), abayst(2), abasht(1)",weak,classified by morphological evidence
abiden,"abood(5), abod(2), abode(1)",abiden(2),strong,known
abien,aboughte(2),aboght(2),weak,not in list
accepten,,accepted(2),weak,classified by morphological evidence
accorden,"acorded(3), accorded(1)","acorded(13), accorded(5)",weak,classified by morphological evidence
accounten,acounted(2),,weak,classified by morphological evidence
acheven,acheved(2),acheved(2),weak,classified by morphological evidence
acursen,,"acursed(3), acorsed(2)",weak,classified by morphological evidence
adauen,,adawed(2),weak,classified by morphological evidence (check!)
adden,added(2),,weak,classified by morphological evidence
adouren,,adoured(1),weak,classified by morphological evidence
adreden,,"adrad(6), adred(2)",weak,classified by morphological evidence
affraien,,"affrayed(4), affraied(1)",weak,classified by morphological evidence (check!)
agasten,,agast(36),weak,classified by morphological evidence
agilten,"agilte(2), agylte(2)",agilt(1),weak,classified by morphological evidence
agonen,,ago(1),weak,not in list
agreven,,agreved(2),weak,classified by morphological evidence
agrisen,agroos(2),,strong,classified by morphological evidence
alteren,altered(2),,weak,classified by morphological evidence
amenden,amended(1),amended(8),weak,classified by morphological evidence
anhongen,,"anhanged(6), anhonged(2)",weak,classified by morphological evidence
annexen,,annexed(4),weak,classified by morphological evidence
answeren,"answerde(155), answerd(8), answered(7), answerede(4)","answered(2), answerd(1)",weak,classified by morphological evidence
apallen,,"apalled(2), appalled(2)",weak,classified by morphological evidence
apiken,,apiked(2),weak,classified by morphological evidence
appointen,"apointed(1), apoynted(1)","apointed(1), apoynted(1)",weak,classified by morphological evidence
apposen,apposed(2),,weak,classified by morphological evidence
aqueinten,,"aqueinted(1), aqueynted(1)",weak,classified by morphological evidence
aretten,,"aretted(1), arretted(1)",weak,classified by morphological evidence
arguen,argued(2),,weak,classified by morphological evidence
argumenten,argumented(2),,weak,classified by morphological evidence
arisen,"aros(3), aroos(2)",arisen(2),strong,known strong verb
ariven,,"arrived(1), arryved(1), arived(1), aryved(1)",weak,classified by morphological evidence
armen,,armed(7),weak,classified by morphological evidence
arraien,arrayed(2),"arrayed(11), arayed(3), araied(1)",weak,classified by morphological evidence
asken,"axed(14), asked(10), axede(1)",axed(4),weak,classified by morphological evidence
aslaken,,aslaked(2),weak,classified by morphological evidence
aspien,"aspied(4), espyed(2), aspyed(1), aspyede(1)","espyed(3), espied(2), aspied(1)",weak,not in list
assaien,,"assayed(11), assaied(1)",weak,classified by morphological evidence
assaillen,,"assailled(4), assailed(1), assayled(1)",weak,classified by morphological evidence
assegen,,asseged(2),weak,classified by morphological evidence
assemblen,assembled(2),assembled(6),weak,classified by morphological evidence (check!)
assenten,,assented(6),weak,classified by morphological evidence
assuren,assured(2),assured(6),weak,classified by morphological evidence
asterten,,astert(2),weak,classified by morphological evidence
astonen,"astoned(1), astonyed(1)",,weak,classified by morphological evidence
astoren,,astored(2),weak,classified by morphological evidence
auntren,auntred(2),,weak,classified by morphological evidence
avisen,,"avised(7), avysed(7)",weak,classified by morphological evidence
awaken,awook(5),,strong,known strong verb
awreken,,awroken(2),strong,Wreken is strong
banishen,,"banished(1), banysshed(1)",weak,classified by morphological evidence
bathen,bathed(3),"bathed(3), ybathed(2)",weak,classified by morphological evidence
beden,,bode(2),strong,known strong verb
bekken,bekked(2),,weak,classified by morphological evidence
ben,"was(3734), were(644), wer(18)","been(77), ben(67), be(24)",irregular,Known irregular
benden,bente(2),bent(2),weak,classified by morphological evidence (check!)
beren,"bar(88), baar(25)","born(60), bore(4), boren(2)",strong,known strong verb (check!)
beten,bet(2),"beten(6), bete(1), ybeten(1), bet(1)",strong,known strong verb (check!)
bibben,,bibbed(2),weak,classified by morphological evidence
bicomen,"becam(2), bicom(2), bicam(2)","become(2), bicome(2), bicomen(2)",strong,Comen is strong
bidden,"bad(2), badde(1), bade(1)",bede(2),strong,known strong verb
biden,bood(2),,strong,known
bien,"boghte(4), bought(1)","boght(4), bought(2), yboght(1)",weak,not in list
bifallen,"bifel(52), befel(2), byfel(2), bifelle(2), bifil(2), befill(1), befil(1)","bifalle(1), byfalle(1)",strong,Fallen is strong
bigilen,,"bigiled(7), bigyled(1)",weak,classified by morphological evidence
biginnen,"bigan(50), began(9), bygan(3), bigonne(2), bygonne(1)","bigonne(5), bigon(1)",strong,known strong verb
bigonen,,"bigon(1), bygon(1)",strong / irregular,"Gon is generally irregular, but this form seems strong"
biholden,"beheld(5), biheld(4), byheld(1), behelde(1), biheeld(1)",,strong,known strong verb
bijapen,,"bijaped(4), byjaped(4)",weak,classified by morphological evidence
bilden,"bulte(2), bilt(2)",,weak,not in list
binden,"bond(4), boond(3)","bounden(9), ybounden(3), ybounde(2), ibounden(1)",strong,known strong verb
biquethen,,biquethe(1),strong,known strong verb
bireven,"birafte(7), berafte(2), biraft(2), byraft(1)","biraft(4), bireved(2)",weak,not in list
birien,"buried(1), buryed(1)","yburied(2), iburied(1), yburyed(1)",weak,not in list
bisechen,"bisoughte(5), bysoughte(1)",,weak,not in list
bisegen,,biseged(6),weak,classified by morphological evidence
bisen,,"besein(1), biseyn(1)",strong,Seems strong even though not in list
bisetten,besette(1),"biset(8), beset(4), byset(2)",weak,not in list
bishetten,,bishet(2),weak,classified by morphological evidence
bisien,"bisied(1), bisyed(1)",,weak,classified by morphological evidence
bistouen,,bistowed(6),weak,classified by morphological evidence
bitaken,bitook(2),,strong,Taken is strong
bithinken,"bethoghte(3), bythought(1), bithoughte(1)",,weak,not in list
bitiden,bitidde(1),"bitid(4), betyd(4), betid(3), bitidde(1), bityd(1)",weak,not in list
bitraien,betrayed(4),bitrayed(2),weak,classified by morphological evidence
bitraishen,"betraised(1), betraysed(1)","bitraised(2), bitraysed(1)",weak,classified by morphological evidence
biwailen,"bewailed(1), bewayled(1)",biwailled(2),weak,classified by morphological evidence
biwreien,biwreyed(2),,weak,classified by morphological evidence
biyeten,,bigeten(2),weak,Program failed here
blamen,blamed(2),blamed(1),weak,classified by morphological evidence
blasfemen,,blasphemed(2),weak,classified by morphological evidence
blenchen,"bleinte(2), bleynte(2)",,weak,classified by morphological evidence
blenden,,blent(4),weak,classified by morphological evidence (check!)
bleren,,blered(4),weak,classified by morphological evidence (check!)
blessen,blessed(2),"blessed(13), yblessed(4), blissed(2)",weak,classified by morphological evidence
blouen,blew(20),"blowen(4), yblowe(1), iblowe(1)",strong,classified by morphological evidence (check!)
borwen,borwed(2),borwed(2),weak,classified by morphological evidence
breden,,bred(1),weak,classified by morphological evidence (check!)
breken,brak(1),"broken(8), broke(4)",strong,known strong verb
brennen,"brende(12), brente(8)","brent(11), ybrend(4), ybrent(2), brend(1)",weak,classified by morphological evidence
bresten,"brast(8), braste(3)",brosten(4),strong,known strong verb
breuen,brew(1),,strong,known
bridelen,"bridled(1), bridlede(1)",,weak,classified by morphological evidence
bringen,"broghte(36), broughte(8), broght(3), brought(3)","broght(31), brought(21), ybrought(1), ybroght(1)",weak,not in list
cacchen,"caughte(30), caught(2), kaughte(1)","caught(40), kaught(7), ykaught(1)",weak,classified by morphological evidence
calculen,"calculed(1), kalkuled(1)",,weak,classified by morphological evidence
callen,called(12),"called(26), ycalled(2)",weak,classified by morphological evidence
capen,caped(1),,weak,classified by morphological evidence
carien,,"caried(6), ycaried(3), ycaryed(1)",weak,classified by morphological evidence
casten,"caste(58), cast(4)","cast(5), casten(2), ycast(2)",weak,not in list
causen,caused(9),,weak,classified by morphological evidence (check!)
cesen,cessed(6),cessed(2),weak,classified by morphological evidence
chacen,,chaced(2),weak,classified by morphological evidence
chargen,charged(4),charged(6),weak,classified by morphological evidence
chasten,,chasted(2),weak,classified by morphological evidence
chaungen,"chaunged(10), changed(2)","chaunged(15), changed(2), ychaunged(2)",weak,classified by morphological evidence
chesen,"chees(11), ches(3)","chosen(10), chose(2)",strong,known strong verb
chiden,chidde(4),,weak,classified by morphological evidence
clappen,"clapte(5), clapt(1)",,weak,classified by morphological evidence
clauen,clew(2),yclawed(2),weak,classified by morphological evidence
clepen,cleped(6),"cleped(38), ycleped(14), clepid(4), icleped(1)",weak,classified by morphological evidence
cleven,"cleft(1), clefte(1)",,strong,known strong verb (check!)
climben,"clomb(2), clamb(2)","clomben(4), cloumbe(1)",strong,known strong verb
clippen,,clipped(2),weak,classified by morphological evidence (check!)
clothen,cladde(4),"clothed(14), clad(10), yclad(4), yclothed(2)",weak,classified by morphological evidence
colouren,,coloured(2),weak,classified by morphological evidence
comen,"com(89), come(15), cam(8), came(2)","come(70), comen(39), ycomen(7), ycome(4), com(3), icomen(2)",strong,known strong verb
comforten,,"conforted(2), comforted(1)",weak,classified by morphological evidence
commaunden,"comanded(12), comaunded(2)","comanded(8), comaunded(2)",weak,classified by morphological evidence
commenden,,commended(2),weak,classified by morphological evidence
compleinen,"compleyned(2), compleined(1)","compleined(1), compleyned(1)",weak,classified by morphological evidence
completen,,"complet(1), compleet(1)",weak,classified by morphological evidence
conceiven,,"conceyved(3), conceived(1)",weak,classified by morphological evidence
concluden,,concluded(2),weak,classified by morphological evidence
confermen,,confermed(2),weak,classified by morphological evidence
confounden,,confounded(2),weak,classified by morphological evidence
connen,"koude(175), coude(142), coud(14), kouth(3), couthe(3), couth(3), kouthe(3), koud(2), kowde(2)","ykoude(1), coud(1), ykoud(1), koud(1)",irregular,Known irregular
conqueren,conquered(4),,weak,classified by morphological evidence
conserven,,conserved(3),weak,classified by morphological evidence
consideren,considered(3),considered(10),weak,classified by morphological evidence
constreinen,,"constreined(3), constreyned(3)",weak,classified by morphological evidence
consumen,,consumed(1),weak,classified by morphological evidence
contrarien,contraried(2),,weak,classified by morphological evidence
conveien,"conveyed(3), conveied(1)",,weak,classified by morphological evidence
converten,converted(2),converted(4),weak,classified by morphological evidence
corounen,,"crouned(3), crowned(3), corouned(2), coroned(1)",weak,classified by morphological evidence (check!)
correcten,,corrected(4),weak,classified by morphological evidence
corrupten,,corrupt(2),weak,classified by morphological evidence
costen,"coste(7), cost(1)",,weak,classified by morphological evidence
couchen,"couched(4), couchede(1)",couched(6),weak,classified by morphological evidence
counseilen,"counseilled(1), counseylled(1)",,weak,classified by morphological evidence
counten,counted(2),,weak,classified by morphological evidence
countrefeten,countrefeted(2),,weak,classified by morphological evidence
couplen,,coupled(1),weak,classified by morphological evidence
coveren,covered(7),kevered(5),weak,classified by morphological evidence (check!)
creauncen,,"creaunced(1), creanced(1)",weak,classified by morphological evidence
crepen,"creep(4), crepte(1)",cropen(5),strong,known strong verb
crien,"cride(21), cried(11), cryde(5), cryed(1), criede(1)","cried(6), cryd(2)",weak,Not in s.e.e. list
cristnen,"cristned(3), cristened(1)",,weak,classified by morphological evidence
crouen,crew(4),crowe(2),strong,known strong verb
curen,,cured(1),weak,classified by morphological evidence (check!)
cutten,kitte(3),"kut(2), cut(1)",weak,classified by morphological evidence (check!)
dampnen,dampned(3),dampned(17),weak,classified by morphological evidence
daswen,,daswed(2),weak,classified by morphological evidence
dauncen,daunced(6),,weak,classified by morphological evidence
daunten,daunted(1),daunted(1),weak,classified by morphological evidence
deceiven,,"deceyved(6), deceived(4)",weak,classified by morphological evidence
declaren,declared(2),declared(2),weak,classified by morphological evidence
defacen,,defaced(2),weak,classified by morphological evidence
defenden,defended(1),,weak,classified by morphological evidence
defoulen,,defouled(9),weak,classified by morphological evidence
deien,dyed(2),"diyd(1), dyed(1)",weak,classified by morphological evidence
deinen,"deigned(4), deyned(1)","deined(1), deyned(1)",weak,classified by morphological evidence (check!)
delen,,deled(2),weak,classified by morphological evidence
deliberen,,delibered(2),weak,classified by morphological evidence
deliten,delited(2),,weak,classified by morphological evidence
deliveren,"delivered(1), delyvered(1)",delivered(2),weak,classified by morphological evidence
delven,,dolven(2),strong,known strong verb
demen,"demed(9), demede(1)",demed(2),weak,classified by morphological evidence
departen,departed(2),departed(21),weak,classified by morphological evidence
depeinten,,"depeynted(6), depeinted(5)",weak,classified by morphological evidence
deriven,,"derived(1), dirryved(1)",weak,classified by morphological evidence
descenden,descended(2),descended(5),weak,classified by morphological evidence
descriven,,"discrived(1), discryved(1)",weak,classified by morphological evidence
deserven,,"deserved(8), disserved(1)",weak,classified by morphological evidence
desiren,desired(4),desired(1),weak,classified by morphological evidence
despeiren,,"despeired(5), dispeired(1), despeyred(1)",weak,classified by morphological evidence
destroien,destroyed(4),"destroyed(10), destroied(2)",weak,classified by morphological evidence
dien,"deide(7), deyde(6), died(5), dyde(3), deyede(2), deied(2), deid(1), dyed(1)",dyed(1),weak,not in list
dighten,,"ydight(2), dight(2)",weak,classified by morphological evidence
discoveren,,discovered(2),weak,classified by morphological evidence
discussen,,discussed(2),weak,classified by morphological evidence
disfiguren,,disfigured(2),weak,classified by morphological evidence
disgisen,,disgised(2),weak,classified by morphological evidence
disparagen,,disparaged(2),weak,classified by morphological evidence
dispenden,,despended(2),weak,classified by morphological evidence
displesen,,displesed(3),weak,classified by morphological evidence
disposen,disposed(2),disposed(6),weak,classified by morphological evidence
disputen,disputed(2),,weak,classified by morphological evidence
distourben,,destourbed(1),weak,classified by morphological evidence
distroublen,,destroubled(2),weak,classified by morphological evidence
dividen,,"divided(1), dyvyded(1)",weak,classified by morphological evidence
dokken,,dokked(2),weak,classified by morphological evidence
don,"dide(142), did(39), dede(2), dyde(2)","doon(128), don(49), do(10), ydoon(7), ido(1), ydon(1)",strong,classified by morphological evidence (check!)
drauen,"drow(11), drough(8), drew(1)","drawe(3), ydrawe(2), ydrawen(1), draw(1)",strong,Known strong verb (from skeat but not wiki)
drecchen,,drecched(2),weak,classified by morphological evidence
dreden,"dredde(6), dradde(1), dred(1)",,weak,not in list
dremen,dremed(8),,weak,classified by morphological evidence (check!)
drenchen,"dreint(1), dreinte(1)","dreynt(5), dreint(2), dreinte(1), dreynte(1), drent(1)",weak,not in list
dressen,"dressed(5), dressede(1)",dressed(2),weak,classified by morphological evidence
drinken,"drank(22), dronk(2)","dronken(11), dronke(4)",strong,known strong verb
driven,"droof(8), drof(4)","driven(5), drive(3), dryve(3), dryven(2)",strong,known strong verb
drounen,,drowned(1),weak,classified by morphological evidence (check!)
durren,"dorste(41), durste(10), dorst(4), durst(1)",,weak,not in list
dusken,dusked(2),,weak,classified by morphological evidence
dwellen,"dwelte(12), dwelled(9), duelled(1)","dwelt(4), dwelled(4)",weak,not in list
eilen,"eyled(1), eiled(1)",,weak,classified by morphological evidence
eken,,eched(2),weak,classified by morphological evidence
embosen,,embosed(2),weak,classified by morphological evidence
embracen,,embraced(1),weak,classified by morphological evidence
embrouden,,embrouded(2),weak,classified by morphological evidence
empoisounen,,"empoysoned(2), empoisoned(1)",weak,classified by morphological evidence
emprenten,,"emprented(4), enprented(2)",weak,classified by morphological evidence
enchaunten,,enchanted(2),weak,classified by morphological evidence
enclinen,,"enclined(3), enclyned(3)",weak,classified by morphological evidence
enclosen,,enclosed(4),weak,classified by morphological evidence
encombren,,encombred(2),weak,classified by morphological evidence
encresen,"encresed(1), encresede(1)",encressed(4),weak,classified by morphological evidence
enden,,ended(7),weak,classified by morphological evidence
enduren,endured(2),endured(2),weak,classified by morphological evidence
enfourmen,,enformed(2),weak,classified by morphological evidence
engendren,,"engendred(6), engendered(1)",weak,classified by morphological evidence
enhabiten,,enhabit(2),weak,classified by morphological evidence
enhauncen,,enhaunced(3),weak,classified by morphological evidence
enspiren,,inspired(2),weak,classified by morphological evidence (check!)
entenden,entended(2),,weak,classified by morphological evidence
enterchaungen,,entrechaunged(2),weak,classified by morphological evidence
entitelen,,entitled(1),weak,classified by morphological evidence
entren,,entred(4),weak,classified by morphological evidence
envenimen,,"envenimed(1), envenymed(1)",weak,classified by morphological evidence
envolupen,,envoluped(2),weak,classified by morphological evidence
escapen,,escaped(2),weak,classified by morphological evidence
escheuen,,eschued(1),weak,classified by morphological evidence
esen,,esed(7),weak,classified by morphological evidence
eten,"eet(12), et(1)",eten(5),strong,known strong verb
exciten,excited(2),,weak,classified by morphological evidence
excusen,,excused(2),weak,classified by morphological evidence
executen,,execut(2),weak,classified by morphological evidence
expounen,"expouned(2), expowned(2)",,weak,classified by morphological evidence
failen,"failled(3), failed(1)",,weak,classified by morphological evidence
fallen,"fel(18), fille(7), fil(2), felle(1), fill(1)","falle(12), fallen(9), yfallen(2)",strong,known strong verb
falsen,falsed(2),falsed(4),weak,classified by morphological evidence
faren,"ferde(22), ferd(4)","faren(6), ferd(4), fare(2)",strong,known strong verb
farsen,,farsed(2),weak,classified by morphological evidence
fasten,fasted(6),fast(2),weak,classified by morphological evidence (check!)
faunen,fauned(2),,weak,classified by morphological evidence (check!)
feden,fedde(4),fed(2),weak,classified by morphological evidence
feffen,,feffed(2),weak,classified by morphological evidence
feinen,"feined(4), feyned(3), feynede(1)","feyned(2), feined(1)",weak,classified by morphological evidence
felen,"felte(59), felt(6), felede(1), feelede(1), feled(1)","felt(12), feled(2)",weak,classified by morphological evidence (check!)
fellen,,feld(2),weak,classified by morphological evidence
feteren,fettred(2),fetered(2),weak,classified by morphological evidence
fetheren,fethered(2),,weak,classified by morphological evidence (check!)
fetten,fette(5),fet(6),weak,classified by morphological evidence
fighten,faught(10),foughten(2),strong,known strong verb
fillen,,"fild(2), filled(2)",weak,classified by morphological evidence
finden,"fond(67), foond(22), found(6), fonde(2), founde(2)","founde(34), founden(17), fond(2), found(2), fonden(1)",strong,known strong verb
fishen,,fisshed(2),weak,classified by morphological evidence
flateren,,yflatered(2),weak,classified by morphological evidence (check!)
flen,fledde(4),"fled(12), yfled(2)",weak,classified by morphological evidence (check!)
flien,"fleigh(4), fley(2), flygh(1), flough(1), flaugh(1)",flowen(2),strong,known strong verb
flikeren,flikered(1),,weak,classified by morphological evidence
flouren,floured(2),,weak,classified by morphological evidence (check!)
folwen,"folwed(9), folwede(3), folowede(1), folowed(1), folewed(1)",yfolowed(2),weak,classified by morphological evidence
forbeden,forbad(4),forbode(2),weak,not in list
forberen,forbar(3),,strong,known
fordon,,"fordoon(2), fordon(1)",strong / irregular,"Don is generally irregular, but this form seems strong"
fore-witen,"forwoot(4), forwot(3)",,weak,classified by morphological evidence
forgon,,forgon(2),strong,not in list
forgonen,foryede(2),,weak / irregular,"Gon is generally irregular, but this form seems weak"
formen,"formed(4), formede(1)","yformed(5), formed(3), ifourmed(1)",weak,classified by morphological evidence
forsaken,"forsook(8), forsok(1)",forsaken(2),strong,Known from skeat
forshapen,,forshapen(2),strong,Shapen is strong
forsweren,forswor(2),,strong,known strong verb
forwrappen,,forwrapped(2),weak,classified by morphological evidence
foryeten,"forgat(13), forgate(1), foryat(1)","foryeten(6), forgeten(5), forgete(1)",strong,known strong verb
foryeven,foryaf(5),foryeven(2),strong,Known strong verb
fostren,fostred(4),"fostred(11), yfostred(4)",weak,classified by morphological evidence
founden,,founded(3),weak,classified by morphological evidence (check!)
foundren,foundred(2),,weak,classified by morphological evidence (check!)
freten,,"freten(1), freeten(1)",strong,known strong verb (check!)
ful-fillen,,"fulfild(9), fulfilled(2)",weak,classified by morphological evidence
gaderen,"gadered(2), gadrede(1)",gadered(1),weak,classified by morphological evidence
gamen,gamed(2),,weak,classified by morphological evidence
gasen,gazed(2),,weak,classified by morphological evidence
geten,gat(2),"geten(6), gete(2), ygeten(1)",strong,known strong verb (check!)
giden,,gided(1),weak,classified by morphological evidence
ginnen,"gan(198), gonne(1)",,Irregular / unclear,"Very stumped here, seems maybe irregular"
gladen,"gladded(3), gladed(3), gladede(2)",gladed(1),weak,classified by morphological evidence
gliteren,"glitered(1), glytered(1)",,weak,classified by morphological evidence
gnauen,gnow(1),,strong,Known strong verb
gon,,"goon(26), gon(8), go(5), gane(1), geen(1), goo(1)",Irregular verb,Known irregular
governen,governed(4),governed(3),weak,classified by morphological evidence
graunten,"graunted(22), grauntede(1)","graunted(16), ygraunted(2)",weak,classified by morphological evidence
graven,,grave(6),strong,known strong verb (check!)
greten,grette(2),,weak,classified by morphological evidence (check!)
greven,greved(2),,weak,classified by morphological evidence
grinden,"grinte(1), grynte(1)",grounden(2),unclear,mixed or insufficient evidence (check!)
gropen,groped(2),,weak,classified by morphological evidence
grouen,"grew(2), growed(2)","growe(2), growen(2), ygrowen(2)",strong,known strong verb
grounden,,grounded(2),weak,classified by morphological evidence
halouen,,yhalowed(2),weak,classified by morphological evidence
halwen,halwed(2),halwed(2),weak,classified by morphological evidence
hamelen,,hameled(2),weak,classified by morphological evidence
happen,"happed(21), happede(3)",,weak,classified by morphological evidence (check!)
harden,,yharded(2),weak,classified by morphological evidence
haten,hated(2),yhated(2),weak,classified by morphological evidence
haven,"hadde(740), had(407)","had(48), hadde(1)",weak,not in list
helen,,"heled(7), heeled(5)",weak,classified by morphological evidence (check!)
helmen,,helmed(4),weak,classified by morphological evidence
helpen,"heelp(4), halp(1)","holpen(14), holpe(2)",strong,known strong verb
henten,"hente(30), hent(2)",hent(10),weak,classified by morphological evidence
heren,"herde(137), herd(11)","herd(135), herde(3)",weak,not in list
herien,harwed(2),"heried(7), yheried(5), heryed(1), iheryed(1), haried(1), haryed(1)",unclear,mixed or insufficient evidence (check!)
herkenen,herkned(6),herkned(2),weak,classified by morphological evidence
heten,"het(1), hette(1)",,strong,known
heven,haaf(1),,weak,Program failed due to spelling difference
hiden,"hidde(9), hydde(1)","hid(11), yhid(2), hyd(1)",weak,not in list
hien,hied(1),hyed(2),weak,classified by morphological evidence
hitten,hitte(5),hit(1),weak,classified by morphological evidence
holden,"held(42), helde(3), heeld(2)","holden(25), holde(10), halde(2)",strong,known strong verb
hongen,"heng(6), heeng(5), henge(2)",hanged(8),strong,known strong verb
honouren,,"honoured(9), honured(3)",weak,classified by morphological evidence
hoten,"highte(18), hight(4), hette(1)","hight(2), hoote(1)",unclear,mixed or insufficient evidence (check!)
hoven,hoved(1),,weak,classified by morphological evidence (check!)
hunten,hunted(4),hunted(4),weak,classified by morphological evidence
hurten,"hurte(4), hurt(2)","hurt(16), yhurt(2)",weak,classified by morphological evidence
iben,,"ybeen(3), iben(1)",strong,classified by morphological evidence
iberen,,"yborn(6), yboren(2), ybore(1), iborn(1)",strong,classified by morphological evidence (check!)
ibringen,,"ybrought(7), ybroght(6), ibrought(3)",weak,classified by morphological evidence
ifinden,,"yfounde(3), founde(1)",strong,classified by morphological evidence
igreten,,ygret(1),weak,classified by morphological evidence
iholden,,"yholde(2), holden(1), yholden(1)",strong,classified by morphological evidence (check!)
ikissen,,ykist(2),weak,classified by morphological evidence
iknouen,,"yknowen(8), yknowe(2)",strong,known strong verb
ileden,,ylad(2),weak,classified by morphological evidence
ileien,,"yleid(1), yleyd(1)",weak,classified by morphological evidence
imaginen,"ymagened(1), imagined(1)",,weak,not in list
imaken,,"ymaked(7), ymaad(4), imaked(1), ymad(1)",weak,classified by morphological evidence
imeten,,ymet(2),weak,classified by morphological evidence (check!)
innen,,inned(1),weak,classified by morphological evidence (check!)
ipassen,,ypassed(2),weak,classified by morphological evidence
ireden,,yred(2),weak,classified by morphological evidence
irennen,,yronnen(2),strong,classified by morphological evidence
isen,,"iseye(1), yseyn(1)",strong,classified by morphological evidence (check!)
isenden,,ysent(2),weak,classified by morphological evidence
isetten,,"yset(2), iset(2)",weak,classified by morphological evidence
ishapen,,yshapen(6),strong,classified by morphological evidence
isheuen,,yshewed(2),weak,classified by morphological evidence
isouen,,ysowen(2),strong,classified by morphological evidence
ispeken,,"yspoken(2), yspoke(2)",strong,classified by morphological evidence
itaken,,ytaken(1),strong,classified by morphological evidence
itechen,,ytaught(1),weak,classified by morphological evidence
iturnen,,yturned(4),weak,classified by morphological evidence
iwaxen,,"ywoxen(4), ywaxen(2)",strong,classified by morphological evidence (check!)
iwerken,,"ywroght(3), ywrought(2), iwrought(2), ywroghte(1)",weak,not in list
iwinnen,,ywonne(4),strong,known strong verb
japen,japed(1),japed(2),weak,classified by morphological evidence
joinen,"joined(1), joyned(1)","joyned(2), joined(1)",weak,classified by morphological evidence (check!)
jugen,,"juged(3), jugged(1)",weak,classified by morphological evidence
kemben,kembde(1),kembd(7),weak,classified by morphological evidence
kennen,,"kende(1), kend(1)",unclear,mixed or insufficient evidence (check!)
kepen,"kepte(25), kept(1)",kept(21),weak,classified by morphological evidence
kerven,"carf(6), karf(1)","corven(4), korven(2)",strong,known strong verb
kiken,,kiked(2),weak,classified by morphological evidence (check!)
kindelen,,"kindled(1), kyndled(1)",weak,classified by morphological evidence (check!)
kissen,kiste(28),"kist(4), kiste(1)",weak,Decided 
kithen,kidde(1),kithed(2),weak,classified by morphological evidence
knelen,kneled(4),,weak,classified by morphological evidence
knitten,,"knyt(6), knit(5)",weak,classified by morphological evidence
knokken,knokked(3),,weak,classified by morphological evidence
knouen,"knew(148), knewe(12)","knowen(20), knowe(5), know(1)",strong,known strong verb
labouren,laboured(2),laboured(3),weak,classified by morphological evidence
lakken,"lakked(15), lakkede(4)",,weak,classified by morphological evidence
lasen,,laced(2),weak,classified by morphological evidence
lasten,lasted(2),,weak,classified by morphological evidence (check!)
laughen,lough(15),lawghed(1),strong,known strong verb
leden,"ladde(15), ledde(3), lad(1)","lad(11), led(4)",unclear,mixed or insufficient evidence (check!)
leien,"leyde(23), leide(18), leid(2), laye(1), leye(1)","leyd(7), leid(6), layd(1)",unclear,mixed or insufficient evidence (check!)
lenen,lente(2),,weak,classified by morphological evidence (check!)
lepen,"leep(4), lepte(2)",,weak,classified by morphological evidence
lernen,,lerned(13),weak,classified by morphological evidence
lesen,,"lorn(12), loren(1)",strong,classified by morphological evidence (check!)
leten,"leet(60), let(8), lete(1)","lete(3), leten(1), lat(1)",strong,known strong verb
letten,"letted(4), lette(2)",let(5),weak,classified by morphological evidence
leven,"lefte(19), lafte(6), left(6), laft(1)","left(7), laft(4)",unclear,mixed or insufficient evidence (check!)
lien,"lay(6), leigh(1), ley(1), laye(1), lyede(1), lyed(1)","lein(1), leyn(1)",strong,classified by morphological evidence (check!)
lighten,lighte(2),lighted(1),weak,classified by morphological evidence (check!)
liken,"liked(10), lyked(3), likede(1)",,unclear,mixed or insufficient evidence (check!)
liknen,,likned(2),weak,classified by morphological evidence (check!)
limen,,"ylimed(1), ylymed(1)",weak,classified by morphological evidence (check!)
lissen,,"ylissed(2), lissed(2)",weak,classified by morphological evidence
listen,"liste(15), list(6), leste(3), lyste(2), lyst(1), lest(1)",,weak,classified by morphological evidence (check!)
liven,"lyved(6), lived(4), livede(4), lyvede(2), levede(1)","lived(2), lyved(2), ilyved(1)",unclear,mixed or insufficient evidence (check!)
loggen,,"logged(4), ylogged(2)",weak,classified by morphological evidence
loken,"loked(22), looked(20)","loked(4), looked(1)",weak,classified by morphological evidence (check!)
longen,longed(2),,weak,classified by morphological evidence (check!)
losen,"loste(20), lost(2)","lost(95), ylost(5), loste(1)",unclear,mixed or insufficient evidence (check!)
loven,"loved(81), lovede(17), lovedest(2)","loved(24), yloved(1), iloved(1)",weak,classified by morphological evidence (check!)
lullen,lulled(1),,weak,classified by morphological evidence
lusten,"luste(3), lust(2)",,weak,classified by morphological evidence
maken,"made(279), maked(20), maad(6), maade(1), mad(1)","maad(82), maked(32), mad(22), made(5), maden(1)",unclear,mixed or insufficient evidence (check!)
marien,"maried(1), maryed(1)",,weak,classified by morphological evidence
marken,,"marked(2), ymarked(2)",weak,classified by morphological evidence (check!)
masken,,ymasked(2),weak,classified by morphological evidence
medlen,,"ymedled(1), imedled(1)",weak,classified by morphological evidence
melten,malt(4),molte(6),strong,known strong verb
menen,"mente(12), ment(1)",ment(2),weak,classified by morphological evidence (check!)
meten,"mette(41), met(6)","met(11), mette(1), ymet(1)",unclear,mixed or insufficient evidence (check!)
misaccounten,,misacounted(2),weak,classified by morphological evidence
misbeden,,"misboden(1), mysboden(1)",strong,classified by morphological evidence
misforyeven,mysforyaf(1),,weak,not in list
mishappen,,myshapped(1),weak,classified by morphological evidence
misseien,,"missaid(1), myssayd(1), misseid(1), mysseyd(1)",weak,classified by morphological evidence
missen,missed(2),missed(2),weak,classified by morphological evidence (check!)
misspeken,"misspak(1), mysspak(1)",,strong,"Speken is strong, so I think this is too"
mistrusten,,"mistrusted(1), mystrusted(1)",weak,classified by morphological evidence
mortheren,,mordred(14),weak,classified by morphological evidence
moten,"moste(131), most(15), mot(1), mooste(1)",,weak,classified by morphological evidence (check!)
mouen,"mighte(165), myght(24), might(1), myghte(1)",,unclear,mixed or insufficient evidence (check!)
musen,,"ymused(1), imused(1)",weak,classified by morphological evidence
neden,"neded(10), nedede(5)",,weak,classified by morphological evidence (check!)
nemnen,nempned(2),,weak,classified by morphological evidence
nombren,,"nombred(1), noumbred(1)",weak,classified by morphological evidence
norishen,,norissed(1),weak,classified by morphological evidence
obeien,obeyed(6),,weak,classified by morphological evidence
obligen,,obliged(2),weak,classified by morphological evidence
offenden,,offended(2),weak,classified by morphological evidence
onen,,oned(2),weak,classified by morphological evidence
openen,opned(2),"opened(4), opned(2)",weak,classified by morphological evidence
oppressen,,oppressed(6),weak,classified by morphological evidence
ordeinen,,"ordeyned(2), ordeined(1)",weak,classified by morphological evidence
ouen,"oughte(41), oghte(33), ought(7), aughte(3), owghte(1), oght(1)",,weak,classified by morphological evidence
overloken,,overloked(1),weak,classified by morphological evidence
oversheten,,"overshette(1), overshote(1)",strong,classified by morphological evidence
overspreden,overspradde(2),,weak,classified by morphological evidence
overtaken,"overtoke(1), overtok(1)",,strong,Taken is strong
paien,"payde(3), paide(2), payed(1)","payed(4), ypayed(3), paid(2), payd(2), ypaied(1)",weak,classified by morphological evidence
passen,passed(14),passed(31),weak,classified by morphological evidence
peinen,"peined(4), peyned(4)",,weak,classified by morphological evidence
peinten,"peinted(1), peyntede(1), peynted(1)","peynted(13), peinted(11)",weak,classified by morphological evidence
percen,"perced(2), percede(1)",perced(2),weak,classified by morphological evidence
perchen,,perched(2),weak,classified by morphological evidence
performen,parfourned(2),parfourned(8),weak,Definitely weak â€” the root vowel stays same just varied spelling
picchen,pighte(2),,weak,classified by morphological evidence
piken,,ypiked(2),weak,classified by morphological evidence (check!)
pinchen,,"pinched(1), pynched(1)",weak,classified by morphological evidence
pipen,,piped(1),weak,classified by morphological evidence
pissen,,pissed(2),weak,classified by morphological evidence
planen,planed(2),,weak,classified by morphological evidence (check!)
platen,,plated(2),weak,classified by morphological evidence
plaunten,,planted(4),weak,classified by morphological evidence
pleien,"pleyde(2), pleide(1)","pleyd(4), pleide(1), pleyed(1), played(1), pleid(1)",unclear,mixed or insufficient evidence (check!)
pleinen,"pleined(2), pleyned(2)","ypleined(1), ypleyned(1)",weak,classified by morphological evidence
pleiten,plited(2),,weak,"Program failed here, pretty sure its weak not irregular"
plesen,,plesed(2),weak,classified by morphological evidence
plighten,plighte(2),plight(2),weak,classified by morphological evidence
pointen,,"pointed(1), poynted(1)",weak,classified by morphological evidence (check!)
poken,poked(4),,weak,classified by morphological evidence (check!)
portraien,"purtreied(1), purtreyed(1)",,weak,"Program failed here, pretty sure its weak not irregular"
pouren,poured(2),poured(2),weak,classified by morphological evidence (check!)
prechen,,preched(2),weak,classified by morphological evidence
preien,"preyede(10), preyed(10), preyde(9), preide(8), prayed(3), praid(1), prayede(1), praide(1), preiede(1)","preyed(7), preied(1), prayed(1)",unclear,mixed or insufficient evidence (check!)
preisen,,"preysed(2), ypreised(2), preised(1)",weak,classified by morphological evidence
pressen,pressed(2),,weak,classified by morphological evidence
preven,proved(1),"preved(13), preeved(4), ypreved(2)",weak,not in list
priken,"pryked(1), priked(1)",,weak,Clearly weak
profren,profred(5),profred(1),weak,classified by morphological evidence
pronouncen,,pronounced(2),weak,classified by morphological evidence
proverben,,proverbed(2),weak,classified by morphological evidence
publishen,,"publiced(4), publisshed(1), publysshed(1)",weak,classified by morphological evidence
pullen,pulled(8),ypulled(2),weak,classified by morphological evidence
punishen,,"ypunisshed(1), ypunysshed(1)",weak,classified by morphological evidence
purchasen,purchased(2),,weak,classified by morphological evidence
purgen,,purged(2),weak,classified by morphological evidence (check!)
purveien,,"purveyed(7), purveied(6), purveyd(1)",weak,classified by morphological evidence
putten,"putte(31), put(2)","put(29), yput(5), pit(1)",weak,classified by morphological evidence
quaken,quook(10),,strong,known strong verb
quenchen,"queinte(1), queynte(1)","queint(5), queynt(5)",weak,classified by morphological evidence
quethen,quod(1247),,strong,known strong verb
quiken,"quiked(1), quyked(1)",quyked(1),weak,classified by morphological evidence
quiten,quitte(2),"quit(4), quyt(2)",weak,classified by morphological evidence
raten,,rated(2),weak,classified by morphological evidence (check!)
ravishen,"ravisshed(1), ravysshed(1)","ravisshed(3), ravysshed(3)",weak,classified by morphological evidence
recchen,"roughte(8), roghte(5), rought(1)",,strong,classified by morphological evidence (check!)
receiven,"received(1), receyved(1)","received(5), receyved(3)",weak,classified by morphological evidence
rechasen,,rechased(2),weak,classified by morphological evidence (check!)
rechen,raughte(4),,strong,classified by morphological evidence (check!)
recoveren,,recovered(9),weak,classified by morphological evidence (check!)
reden,"redde(11), radde(5)","red(13), rad(10)",unclear,mixed or insufficient evidence (check!)
refreshen,refresshed(1),refresshed(4),weak,classified by morphological evidence
regnen,regned(1),,weak,classified by morphological evidence
reinen,"ron(2), reined(1), reyned(1)",,unclear,mixed or insufficient evidence (check!)
reisen,,"reised(2), reysed(2)",weak,classified by morphological evidence (check!)
rejoisen,"rejoised(1), rejoysed(1)",,weak,classified by morphological evidence
rekenen,rekned(1),yrekened(3),weak,classified by morphological evidence
relesen,relessed(2),,weak,classified by morphological evidence (check!)
releven,,"releved(1), releeved(1)",weak,classified by morphological evidence
remembren,remembred(6),,weak,classified by morphological evidence
renden,rente(14),rent(3),weak,classified by morphological evidence (check!)
rennen,ran(24),,strong,known strong verb (check!)
repenten,repented(2),,weak,classified by morphological evidence
repressen,,repressed(2),weak,classified by morphological evidence
requeren,required(2),,weak,classified by morphological evidence
resounen,resouned(2),,weak,classified by morphological evidence (check!)
resten,,rested(2),weak,classified by morphological evidence (check!)
restoren,restored(4),,weak,classified by morphological evidence
returnen,,retourned(1),weak,classified by morphological evidence
reuen,,rewed(2),weak,classified by morphological evidence (check!)
reulen,,"reuled(3), ruled(2)",weak,classified by morphological evidence
reven,"refte(8), rafte(6), raft(1), reft(1)","reft(3), raft(2)",strong,In list as riven
riden,rood(36),riden(12),strong,known strong verb
ringen,rong(10),,strong,classified by morphological evidence (check!)
risen,"roos(32), ros(2)","risen(7), rysen(1)",strong,known strong verb
riven,"roof(1), rof(1)",,unclear,mixed or insufficient evidence (check!)
rollen,rolled(2),rolled(2),weak,classified by morphological evidence (check!)
romen,romed(7),romed(4),weak,classified by morphological evidence
rosten,rosted(2),,weak,classified by morphological evidence
rounden,rounded(2),,weak,classified by morphological evidence
rounen,"rowned(4), rouned(3)",rouned(1),weak,classified by morphological evidence
rumbelen,rombled(3),,weak,classified by morphological evidence
rusen,rused(2),,weak,classified by morphological evidence
sakken,,sakked(2),weak,classified by morphological evidence
saluen,,salewed(2),weak,classified by morphological evidence
saven,saved(4),saved(11),weak,classified by morphological evidence
scalden,,scalded(2),weak,classified by morphological evidence
scateren,,scatered(2),weak,classified by morphological evidence
scornen,"scorned(5), skorned(1)",,weak,classified by morphological evidence
sechen,"soughte(4), soghte(1)",soght(2),weak,Not in lists
seien,"seyde(472), seide(390), seid(47), sayde(8), said(6), saide(3), sayd(2), sayed(1), sayede(1)","seyd(66), seid(57), seide(1), said(1)",unclear,mixed or insufficient evidence (check!)
semen,"semed(69), seemed(1)",semed(2),weak,classified by morphological evidence (check!)
sen,"saw(50), sawgh(22), say(15), sey(10), seigh(3), sawe(2), saugh(1), saigh(1)","seyn(36), seen(10), sene(4), sein(2), seyen(1)",strong,classified by morphological evidence (check!)
senden,"sente(30), sent(2)",sent(38),weak,classified by morphological evidence (check!)
serven,"served(5), servede(2)","served(11), yserved(2)",weak,classified by morphological evidence (check!)
setlen,,ysatled(2),weak,classified by morphological evidence
setten,"sette(65), set(7)",set(64),weak,classified by morphological evidence
seuen,,sowed(1),weak,classified by morphological evidence (check!)
shadwen,,"shadwed(1), yshadwed(1)",weak,classified by morphological evidence
shaken,shook(4),,strong,known strong verb
shamen,,"shamed(3), yshamed(2)",weak,classified by morphological evidence
shapen,"shoop(27), shop(5)","shapen(23), shape(6), shapyn(1)",strong,known strong verb
shaven,,shave(4),strong,known strong verb
shenden,shente(1),shent(4),weak,classified by morphological evidence
sheuen,"shewed(26), shewede(5)",shewed(15),weak,classified by morphological evidence (check!)
shinen,"shoon(13), shon(2)",,strong,known strong verb
shitten,"shet(1), shette(1)","shet(4), shette(1)",weak,Not in lists
shouven,"shof(3), shoof(1)",,weak,"Although strong in early middle gnlish, seems weak here"
shreden,shredde(2),,weak,classified by morphological evidence
shrinen,,"shrined(1), shryned(1)",weak,classified by morphological evidence
shriven,,"shriven(1), shryven(1)",strong,known strong verb
shulen,"sholde(445), shulde(57), shold(37), shuld(12), shoulde(2)",,weak,classified by morphological evidence (check!)
siften,,sifted(2),weak,classified by morphological evidence
sighen,sighed(2),,weak,classified by morphological evidence
signifien,signified(2),,weak,classified by morphological evidence
siken,"sighte(10), siked(8), syghte(1)",siked(2),unclear,mixed or insufficient evidence (check!)
singen,"song(22), sang(11), soong(3), songe(2)","songen(4), songe(2)",strong,known strong verb
sinken,,sonken(4),strong,classified by morphological evidence
sitten,"satte(3), sat(2), sate(2), set(1), sete(1)",seten(4),strong,In lists
skippen,skipte(2),,weak,classified by morphological evidence
skriken,shrighte(5),shright(2),weak,classified by morphological evidence
slen,"slow(46), slough(15), slowh(1)","slayn(43), slain(33), yslain(3), yslayn(3), slawen(2), sleyn(2), slaine(1), slayne(1), slawe(1)",strong,known strong verb
slepen,"sleep(11), slepte(5), slep(3), slept(1), slepe(1)",,strong,known strong verb
slitten,slitte(1),,weak,classified by morphological evidence
smilen,"smyled(1), smiled(1)",,weak,Not in lists
smiten,"smoot(24), smot(4)",smyten(1),strong,known strong verb
smithen,smythed(1),,weak,classified by morphological evidence
sneuen,snewed(2),,weak,classified by morphological evidence
somnen,,somoned(2),weak,classified by morphological evidence
sorten,sorted(1),,weak,classified by morphological evidence (check!)
sorwen,,sorwed(2),weak,classified by morphological evidence
souen,,sowe(2),strong,classified by morphological evidence (check!)
souken,,souked(2),strong,known strong verb
soulen,,sowled(2),weak,classified by morphological evidence
sounen,"sowned(2), souned(2)",,weak,classified by morphological evidence
sparen,,"spared(2), yspared(2)",weak,classified by morphological evidence
speden,spedde(6),"sped(3), spedde(2)",weak,No evidence dn not in lists
speken,"spak(2), spake(2)","spoken(14), spoke(6)",strong,known strong verb
spenden,,spent(3),weak,classified by morphological evidence
spien,"spyed(1), spied(1)",,unclear,mixed or insufficient evidence (check!)
spillen,,spilt(2),weak,classified by morphological evidence
spotten,,spotted(2),weak,classified by morphological evidence
spousen,,spoused(2),weak,classified by morphological evidence
spreden,spradde(2),sprad(2),weak,Not in lists
sprengen,,"spreind(1), spreynd(1)",weak,classified by morphological evidence
springen,"sprong(2), sprang(1), sproong(1)",spronge(2),strong,known strong verb
spurnen,sporned(2),,weak,classified by morphological evidence
stablishen,,stablissed(2),weak,classified by morphological evidence
stalken,stalked(3),,weak,classified by morphological evidence
stelen,"stal(5), stale(2), staal(2), staale(1)","stole(6), stoln(4)",strong,known strong verb
stemen,stemed(2),,weak,classified by morphological evidence
steppen,,stapen(2),strong,known strong verb
sterten,"stirte(18), sterte(8), stirt(1), stert(1)","stert(2), stirt(2)",weak,not in lists
sterven,starf(12),,strong,known strong verb
stiken,"stak(2), stiked(1)","ystiked(3), stiked(1)",weak,classified by morphological evidence
stingen,,stongen(2),strong,Known strong vebr
stinken,stank(2),,strong,In lists
stinten,"stynte(5), stinte(3), stente(1)","stint(1), stynt(1), stinted(1), stynted(1)",weak,Not in lists
stiren,stired(2),,weak,classified by morphological evidence
stonden,"stood(100), stod(6), stoode(1), stode(1)",stonden(5),strong,known strong verb (check!)
stoppen,,stopped(4),weak,classified by morphological evidence
strepen,,strepen(2),strong,"Not in lists, but seems strong"
striven,"stroof(2), strof(2)",,strong,known strong verb
strouten,strouted(2),,weak,classified by morphological evidence
sufferen,suffred(3),"suffred(11), ysuffred(2)",weak,classified by morphological evidence
suffisen,,suffised(2),weak,classified by morphological evidence
sugren,,sucred(2),weak,classified by morphological evidence
supposen,supposed(2),"supposed(1), supposid(1)",weak,classified by morphological evidence
surmounten,,"surmountede(1), surmounted(1)",weak,Def weak
swappen,swapte(4),,weak,classified by morphological evidence
swellen,swal(2),,strong,known strong verb
swelten,swelte(4),,strong,known strong verb
swepen,,ysweped(2),weak,classified by morphological evidence
sweren,"swore(2), swoor(1), swor(1), swer(1)","sworn(11), ysworn(2), yswore(1)",strong,known strong verb
sweten,swatte(2),,strong,classified by morphological evidence (check!)
swinken,,swonken(2),strong,known strong verb
swiven,"swyved(1), swived(1)","swyved(3), swived(2)",weak,Y is spelling variation
swounen,"swowned(8), swouned(2)",swowned(2),weak,classified by morphological evidence
taken,"tok(24), toke(5), tooke(5), took(1), i(1)","taken(18), take(15)",strong,known strong verb
tarien,tariede(1),taried(6),weak,classified by morphological evidence (check!)
tasten,tasted(2),,weak,classified by morphological evidence
techen,"taughte(2), taught(1)",taught(13),weak,Not in lists
teien,,"yteid(1), yteyd(1)",weak,classified by morphological evidence
tellen,"tolde(109), told(7), toolde(1), toold(1)","told(65), toold(21), tald(2), tolde(1)",weak,Not in lists
tempren,"tempred(1), temprede(1)",tempred(2),weak,classified by morphological evidence
tempten,,tempted(2),weak,classified by morphological evidence
thakken,,thakked(2),weak,classified by morphological evidence
thanken,"thonked(11), thanked(11)","thanked(18), thonked(4), ythonked(3), ythanked(2)",weak,O is spelling variation
thinken,"thoghte(44), thoght(11), thoughte(1), thought(1)",thought(2),unclear,mixed or insufficient evidence (check!)
thirlen,,thirled(4),weak,classified by morphological evidence
thirsten,thursted(2),,weak,classified by morphological evidence
throuen,threw(3),throwen(2),strong,classified by morphological evidence (check!)
thurven,dorste(2),,weak,classified by morphological evidence
tiden,,"tid(7), tyd(1)",weak,classified by morphological evidence
tikelen,tikled(1),,weak,classified by morphological evidence
tirven,,terved(2),weak,classified by morphological evidence
tobresten,,tobrosten(2),strong,"This not in lists, but seems strong + atbresten is in lists"
todashen,,todasshed(2),weak,classified by morphological evidence
toheuen,,tohewen(2),strong,"this not in lists, but seems strong + hewen in lists"
torenden,torente(2),,weak,classified by morphological evidence
touchen,"touched(2), touchede(2)",,weak,classified by morphological evidence
traishen,traysed(1),,weak,classified by morphological evidence
translaten,,translated(2),weak,classified by morphological evidence
transmeuen,,transmewed(1),weak,classified by morphological evidence
treden,trad(1),troden(2),strong,known strong verb
trompen,tromped(2),,weak,classified by morphological evidence
trouen,trowed(4),trowed(7),weak,classified by morphological evidence
trussen,,trussed(2),weak,classified by morphological evidence
trusten,trusted(4),trusted(2),weak,classified by morphological evidence
tuken,,tukked(2),weak,classified by morphological evidence
turnen,"torned(7), turned(4), tornede(2), turnede(1)","turned(22), torned(5), yturned(1), tourned(1)",weak,Certainly weak
twicchen,,twight(2),weak,classified by morphological evidence
twinnen,,"twinned(2), twynned(2), ytwinned(1), ytwynned(1)",weak,classified by morphological evidence (check!)
twisten,twiste(2),"twist(1), twyst(1)",weak,classified by morphological evidence
unarmen,,unarmed(1),weak,classified by morphological evidence
unbirien,,"unburied(1), unburyed(1)",weak,classified by morphological evidence
understonden,"understood(6), understod(1)",understonde(5),strong,known strong verb
undon,undide(2),,strong / irregular,"Don is generally irregular, but this form seems strong"
unhorsen,,unhorsed(2),weak,classified by morphological evidence
unknouen,,"unknowen(5), unknowe(2)",strong,Not in lists but knowen is strong
usen,used(8),used(7),weak,classified by morphological evidence
vanishen,"vanysshed(2), vanisshed(1)","vanisshed(1), vanysshed(1)",weak,classified by morphological evidence
venquishen,,venquysshed(1),weak,classified by morphological evidence
vernishen,,"vernisshed(1), vernysshed(1)",weak,classified by morphological evidence
visiten,visited(2),,weak,classified by morphological evidence
vitailen,vitailled(2),,weak,classified by morphological evidence
voiden,,"voided(6), voyded(2), yvoided(1), yvoyded(1)",weak,classified by morphological evidence
waiten,"waited(4), wayted(2), waitede(1)",,weak,classified by morphological evidence
waken,"wook(8), wok(1)",waked(2),strong,known strong verb
waknen,,"wakned(1), wakened(1)",weak,classified by morphological evidence
walken,"welk(6), walked(6)",walked(6),strong,known strong verb (check!)
warishen,,"warisshed(6), warished(2)",weak,classified by morphological evidence
warnen,"warned(3), warnede(1)","warned(7), ywarned(2)",weak,classified by morphological evidence (check!)
washen,wessh(2),wasshen(2),strong,known strong verb
wasten,,wasted(7),weak,classified by morphological evidence
waxen,"wex(46), wax(18), weex(5), wexe(1), waxe(1)","woxen(17), waxen(7), wexe(1), woxe(1)",strong,known strong verb (check!)
wedden,"wedded(4), weddede(2)","wedded(45), ywedded(7)",weak,classified by morphological evidence
weien,"weied(1), weyed(1)",,weak,classified by morphological evidence (check!)
weilen,"wayled(2), wailed(1)",,strong,"Wallen in list, I think this is same"
welcomen,welcomed(1),,weak,classified by morphological evidence
welden,"welte(2), weelded(1)",,weak,classified by morphological evidence
wenden,"wente(147), went(21)",went(4),weak,classified by morphological evidence
wenen,"wende(43), wend(5)",wend(7),weak,classified by morphological evidence (check!)
wepen,"weep(28), wepte(11), wep(3), wept(2), weepe(1)","wopen(4), wept(4), wepen(2)",strong,known strong verb
weren,"wered(14), werede(3)",wered(5),strong,known strong verb (check!)
werken,"wroghte(16), wroughte(2)","wroght(16), wrought(7), wroughte(1)",weak,Never appears in inf I think
wernen,werned(2),,weak,classified by morphological evidence
werreien,werreyed(2),"werreied(1), wereyed(1)",weak,classified by morphological evidence
weten,wette(2),,weak,classified by morphological evidence
willen,"wolde(53), wold(2)",,irregular,Known irregular
wilnen,wilned(4),,weak,classified by morphological evidence
winnen,"wan(25), wanne(1)","wonne(11), wonnen(6)",strong,known strong verb
wipen,"wiped(3), wyped(1)",,weak,Y is spelling variation
witen,"wiste(116), wist(9), wyste(3), woot(1), wot(1)",wist(28),unclear,mixed or insufficient evidence (check!)
wlispen,lipsed(2),,weak,classified by morphological evidence
wondren,wondred(7),wondred(4),weak,classified by morphological evidence
wonen,woned(3),"wont(85), woned(4)",weak,classified by morphological evidence (check!)
wounden,,"wounded(7), wownded(1)",weak,classified by morphological evidence
wrappen,,wrapped(4),weak,classified by morphological evidence
wratthen,,wraththed(1),weak,classified by morphological evidence
wreken,wrak(2),ywroke(2),strong,known strong verb
wrien,"wryed(2), wreigh(1)",,strong,classified by morphological evidence (check!)
wringen,wrong(6),,strong,known strong verb
writen,"wrot(9), wroot(2)","writen(25), ywriten(7), write(4), written(2), iwriten(2), ywrite(2)",strong,known strong verb
yelden,,"yolden(3), yolde(1)",strong,Seems strong even though not in list
yeven,"yaf(122), gaf(3)","yeven(27), yeve(14), yive(3), yyeven(1)",strong,known strong verb
yicchen,,icched(2),weak,classified by morphological evidence
