OG_RIV_TEXT,OG_OXFORD_TEXT,RIVERSIDE_FILENAME,OXFORD_FILENAME,OUTPUT_FILENAME,LINE_NUMBER,MATCH,RIVERSIDE_SYLLABLES,OXFORD_SYLLABLES,RIVERSIDE_TEXT,OXFORD_TEXT,RIVERSIDE_SCANSION,OXFORD_SCANSION,RIVERSIDE_TAGGING,OXFORD_TAGGING,FLAG_COLOR
"Listeth, lordes, in good entent","Listeth,° lords, in good entent",data/riverside_cats/Thop_riv.cat,data/oxford_txts/Thop_oxford.txt,data/csvs/Thop,Sir Thopas 712,,0,0,Listeth lordes in good entent,Listeth lords in good entent,"    ","    ",listen@v2%imp lord@n%pl in@prep god@adj entente@n,listen@v2%imp lord@n%pl in@prep god@adj entente@n,
And I wol telle verrayment,And I wol telle verraiment°,data/riverside_cats/Thop_riv.cat,data/oxford_txts/Thop_oxford.txt,data/csvs/Thop,Sir Thopas 713,,0,0,And I wol telle verrayment,And I wol telle verraiment,"    ","    ",and@conj ich@pron%nom willen@v%pr_1 tellen@v%inf verreiment@adv,and@conj ich@pron%nom willen@v%pr_1 tellen@v%inf verreiment@adv,
Of myrthe and of solas,    Of mirthe and of solas;°,data/riverside_cats/Thop_riv.cat,data/oxford_txts/Thop_oxford.txt,data/csvs/Thop,Sir Thopas 714,,0,0,Of myrthe and of solas,Of mirthe and of solas,"    ","    ",of@prep mirthe@n and@conj of@prep solas@n,of@prep mirthe@n and@conj of@prep solas@n,
Al of a knyght was fair and gent,Al of a knight was° fair and gent°,data/riverside_cats/Thop_riv.cat,data/oxford_txts/Thop_oxford.txt,data/csvs/Thop,Sir Thopas 715,,0,0,Al of a knyght was fair and gent,Al of a knight was fair and gent,"       ","       ",al@adv of@prep a@indef_art knight@n ben@v%pt_3 fair@adj and@conj gent@adj,al@adv of@prep a@indef_art knight@n ben@v%pt_3 fair@adj and@conj gent@adj,
In bataille and in tourneyment;,In bataille and in tourneiment,data/riverside_cats/Thop_riv.cat,data/oxford_txts/Thop_oxford.txt,data/csvs/Thop,Sir Thopas 716,,9,9,In bataille and in tourneyment,In bataille and in tourneiment,S uSu S u SuS,S uSu S u SuS,in@prep bataille@n and@conj in@prep tournement@n,in@prep bataille@n and@conj in@prep tournement@n,
His name was sire Thopas.,    His name was Sir Thopas.,data/riverside_cats/Thop_riv.cat,data/oxford_txts/Thop_oxford.txt,data/csvs/Thop,Sir Thopas 717,,0,0,His name was sire Thopas,His name was Sir Thopas,"    ","    ",his@pron1%gen name@n ben@v%pt_3 sire@n#adj thopas@n#propn,his@pron1%gen name@n ben@v%pt_3 sire@n#adj thopas@n#propn,
Yborn he was in fer contree,Yborn he was in fer° contree,data/riverside_cats/Thop_riv.cat,data/oxford_txts/Thop_oxford.txt,data/csvs/Thop,Sir Thopas 718,,0,0,Yborn he was in fer contree,Yborn he was in fer contree,"     ","     ",iberen@v1%ppl he@pron1%nom ben@v%pt_3 in@prep fer@adj1 contree@n,iberen@v1%ppl he@pron1%nom ben@v%pt_3 in@prep fer@adj1 contree@n,
"In Flaundres, al biyonde the see","In Flaundres, al biyond the see",data/riverside_cats/Thop_riv.cat,data/oxford_txts/Thop_oxford.txt,data/csvs/Thop,Sir Thopas 719,,0,0,In Flaundres al biyonde the see,In Flaundres al biyond the see,"     ","     ",in@prep flaundres@n#propn al@adv biyonde@prep the@def_art se@n1,in@prep flaundres@n#propn al@adv biyonde@prep the@def_art se@n1,
"At Poperyng, in the place.","    At Popering, in the place;°",data/riverside_cats/Thop_riv.cat,data/oxford_txts/Thop_oxford.txt,data/csvs/Thop,Sir Thopas 720,,0,0,At Poperyng in the place,At Popering in the place,"    ","    ",at@prep popering@n#propn in@prep the@def_art place@n,at@prep popering@n#propn in@prep the@def_art place@n,
His fader was a man ful free,"His fader was a man ful free,°",data/riverside_cats/Thop_riv.cat,data/oxford_txts/Thop_oxford.txt,data/csvs/Thop,Sir Thopas 721,,0,0,His fader was a man ful free,His fader was a man ful free,"      ","      ",his@pron1%gen fader@n ben@v%pt_3 a@indef_art man@n ful@adv fre@adj,his@pron1%gen fader@n ben@v%pt_3 a@indef_art man@n ful@adv fre@adj,
And lord he was of that contree,And lord he was of that contree,data/riverside_cats/Thop_riv.cat,data/oxford_txts/Thop_oxford.txt,data/csvs/Thop,Sir Thopas 722,,0,0,And lord he was of that contree,And lord he was of that contree,"      ","      ",and@conj lord@n he@pron1%nom ben@v%pt_3 of@prep that@art&gram_adj contree@n,and@conj lord@n he@pron1%nom ben@v%pt_3 of@prep that@art&gram_adj contree@n,
As it was Goddes grace.,    As it was Goddes grace.,data/riverside_cats/Thop_riv.cat,data/oxford_txts/Thop_oxford.txt,data/csvs/Thop,Sir Thopas 723,,0,0,As it was Goddes grace,As it was Goddes grace,"    ","    ",as@conj hit@pron ben@v%pt_3 god@n1#propn%gen grace@n,as@conj hit@pron ben@v%pt_3 god@n1#propn%gen grace@n,
Sire Thopas wax a doghty swayn;,"Sir Thopas wax° a doghty° swain,°",data/riverside_cats/Thop_riv.cat,data/oxford_txts/Thop_oxford.txt,data/csvs/Thop,Sir Thopas 724,,9,0,Sire Thopas wax a doghty swayn,Sir Thopas wax a doghty swain,Su Su S u Su S,"     ",sire@n#adj thopas@n#propn waxen@v1%pt_3 a@indef_art doughti@adj swein@n,sire@n#adj thopas@n#propn waxen@v1%pt_3 a@indef_art doughti@adj swein@n,
Whit was his face as payndemayn,"Whit was his face as paindemain,°",data/riverside_cats/Thop_riv.cat,data/oxford_txts/Thop_oxford.txt,data/csvs/Thop,Sir Thopas 725,,0,0,Whit was his face as payndemayn,Whit was his face as paindemain,"     ","     ",whit@adj ben@v%pt_3 his@pron1%gen face@n as@conj pain-demeine@n,whit@adj ben@v%pt_3 his@pron1%gen face@n as@conj pain-demeine@n,
His lippes rede as rose;,    His lippes rede as rose;,data/riverside_cats/Thop_riv.cat,data/oxford_txts/Thop_oxford.txt,data/csvs/Thop,Sir Thopas 726,,0,0,His lippes rede as rose,His lippes rede as rose,"    ","    ",his@pron1%gen lippe@n1%pl red@adj as@conj rose@n1,his@pron1%gen lippe@n1%pl red@adj as@conj rose@n1,
His rode is lyk scarlet in grayn,"His rode° is lik scarlet° in grain,°",data/riverside_cats/Thop_riv.cat,data/oxford_txts/Thop_oxford.txt,data/csvs/Thop,Sir Thopas 727,,0,0,His rode is lyk scarlet in grayn,His rode is lik scarlet in grain,"      ","      ",his@pron1%gen rode@n1 ben@v%pr_3 like@prep scarlet@n in@prep grain@n,his@pron1%gen rode@n1 ben@v%pr_3 like@prep scarlet@n in@prep grain@n,
And I yow telle in good certayn,And I yow telle in good certain,data/riverside_cats/Thop_riv.cat,data/oxford_txts/Thop_oxford.txt,data/csvs/Thop,Sir Thopas 728,,0,0,And I yow telle in good certayn,And I yow telle in good certain,"      ","      ",and@conj ich@pron%nom you@pron%pl_obj tellen@v%pr_1 in@prep god@adj certain@n,and@conj ich@pron%nom you@pron%pl_obj tellen@v%pr_1 in@prep god@adj certain@n,
He hadde a semely nose.,    He hadde a semly° nose.,data/riverside_cats/Thop_riv.cat,data/oxford_txts/Thop_oxford.txt,data/csvs/Thop,Sir Thopas 729,,0,0,He hadde a semely nose,He hadde a semly nose,"    ","    ",he@pron1%nom haven@v%pt_3 a@indef_art semeli@adj nose@n1,he@pron1%nom haven@v%pt_3 a@indef_art semeli@adj nose@n1,
"His heer, his berd was lyk saffroun","His heer, his berd was lik saffroun,°",data/riverside_cats/Thop_riv.cat,data/oxford_txts/Thop_oxford.txt,data/csvs/Thop,Sir Thopas 730,,0,0,His heer his berd was lyk saffroun,His heer his berd was lik saffroun,"      ","      ",his@pron1%gen her@n his@pron1%gen berd@n1 ben@v%pt_3 like@prep saffroun@n,his@pron1%gen her@n his@pron1%gen berd@n1 ben@v%pt_3 like@prep saffroun@n,
That to his girdel raughte adoun;,That to his girdel raughte° adoun;,data/riverside_cats/Thop_riv.cat,data/oxford_txts/Thop_oxford.txt,data/csvs/Thop,Sir Thopas 731,,0,0,That to his girdel raughte adoun,That to his girdel raughte adoun,"     ","     ",that@pron to@prep his@pron1%gen girdel@n rechen@v1%pt_3 adoun@adv,that@pron to@prep his@pron1%gen girdel@n rechen@v1%pt_3 adoun@adv,
His shoon of cordewane.,    His shoon° of cordewane.°,data/riverside_cats/Thop_riv.cat,data/oxford_txts/Thop_oxford.txt,data/csvs/Thop,Sir Thopas 732,,0,0,His shoon of cordewane,His shoon of cordewane,"   ","   ",his@pron1%gen sho@n%pl of@prep cordewane@n,his@pron1%gen sho@n%pl of@prep cordewane@n,
Of Brugges were his hosen broun,Of Brugges were his hosen° broun,data/riverside_cats/Thop_riv.cat,data/oxford_txts/Thop_oxford.txt,data/csvs/Thop,Sir Thopas 733,,0,0,Of Brugges were his hosen broun,Of Brugges were his hosen broun,"     ","     ",of@prep brugges@n#propn ben@v%pt_pl his@pron1%gen hose@n%pl broun@adj,of@prep brugges@n#propn ben@v%pt_pl his@pron1%gen hose@n%pl broun@adj,
His robe was of syklatoun,"His robe was of siclatoun,°",data/riverside_cats/Thop_riv.cat,data/oxford_txts/Thop_oxford.txt,data/csvs/Thop,Sir Thopas 734,,0,0,His robe was of syklatoun,His robe was of siclatoun,"    ","    ",his@pron1%gen robe@n ben@v%pt_3 of@prep siclatoun@n,his@pron1%gen robe@n ben@v%pt_3 of@prep siclatoun@n,
That coste many a jane.,    That coste many a jane.°,data/riverside_cats/Thop_riv.cat,data/oxford_txts/Thop_oxford.txt,data/csvs/Thop,Sir Thopas 735,,0,0,That coste many a jane,That coste many a jane,"    ","    ",that@pron costen@v%pt_3 mani@gram_adj a@indef_art gene@n,that@pron costen@v%pt_3 mani@gram_adj a@indef_art gene@n,
He koude hunte at wilde deer,He coude° hunte at° wilde deer,data/riverside_cats/Thop_riv.cat,data/oxford_txts/Thop_oxford.txt,data/csvs/Thop,Sir Thopas 736,,0,0,He koude hunte at wilde deer,He coude hunte at wilde deer,"     ","     ",he@pron1%nom connen@v%pt_3 hunten@v%inf at@prep wilde@adj der@n,he@pron1%nom connen@v%pt_3 hunten@v%inf at@prep wilde@adj der@n,
And ride an haukyng for river,"And ride an hauking for riveer,°",data/riverside_cats/Thop_riv.cat,data/oxford_txts/Thop_oxford.txt,data/csvs/Thop,Sir Thopas 737,,0,0,And ride an haukyng for river,And ride an hauking for riveer,"     ","     ",and@conj riden@v%inf on@prep hauking@ger1 for@prep rivere@n,and@conj riden@v%inf on@prep hauking@ger1 for@prep rivere@n,
With grey goshauk on honde;,    With grey goshauk on honde;,data/riverside_cats/Thop_riv.cat,data/oxford_txts/Thop_oxford.txt,data/csvs/Thop,Sir Thopas 738,,0,0,With grey goshauk on honde,With grey goshauk on honde,"    ","    ",with@prep grei@adj gos-hauk@n on@prep honde@n,with@prep grei@adj gos-hauk@n on@prep honde@n,
Therto he was a good archeer;,Therto° he was a good archeer,data/riverside_cats/Thop_riv.cat,data/oxford_txts/Thop_oxford.txt,data/csvs/Thop,Sir Thopas 739,,0,0,Therto he was a good archeer,Therto he was a good archeer,"     ","     ",ther-to@adv he@pron1%nom ben@v%pt_3 a@indef_art god@adj archer@n,ther-to@adv he@pron1%nom ben@v%pt_3 a@indef_art god@adj archer@n,
Of wrastlyng was ther noon his peer,Of° wrastling was ther noon his peer,data/riverside_cats/Thop_riv.cat,data/oxford_txts/Thop_oxford.txt,data/csvs/Thop,Sir Thopas 740,,0,0,Of wrastlyng was ther noon his peer,Of wrastling was ther noon his peer,"      ","      ",of@prep wrestling@ger ben@v%pt_3 ther@adv non@pron his@pron1%gen per@n,of@prep wrestling@ger ben@v%pt_3 ther@adv non@pron his@pron1%gen per@n,
Ther any ram shal stonde.,    Ther° any ram shal stonde.°,data/riverside_cats/Thop_riv.cat,data/oxford_txts/Thop_oxford.txt,data/csvs/Thop,Sir Thopas 741,,0,0,Ther any ram shal stonde,Ther any ram shal stonde,"    ","    ",ther@adv ani@gram_adj ram@n shulen@v1%pr_3 stonden@v1%inf,ther@adv ani@gram_adj ram@n shulen@v1%pr_3 stonden@v1%inf,
"Ful many a mayde, bright in bour","Ful many a maide, bright in bour,°",data/riverside_cats/Thop_riv.cat,data/oxford_txts/Thop_oxford.txt,data/csvs/Thop,Sir Thopas 742,,9,9,Ful many a mayde bright in bour,Ful many a maide bright in bour,S uS u Su S u S,S uS u Su S u S,ful@adv mani@gram_adj a@indef_art maide@n bright@adj in@prep bour@n,ful@adv mani@gram_adj a@indef_art maide@n bright@adj in@prep bour@n,
They moorne for hym paramour,"They moorne° for him, par amour,°",data/riverside_cats/Thop_riv.cat,data/oxford_txts/Thop_oxford.txt,data/csvs/Thop,Sir Thopas 743,DIFF,0,0,They moorne for hym paramour,They moorne for him par amour,"    ","     ",thei@pron%pl_nom mornen@v%pr_pl for@prep him@pron%obj par_amoure@adv,thei@pron%pl_nom mornen@v%pr_pl for@prep him@pron%obj par@prep amour@n%fr,green
Whan hem were bet to slepe;,    Whan hem were bet° to slepe;,data/riverside_cats/Thop_riv.cat,data/oxford_txts/Thop_oxford.txt,data/csvs/Thop,Sir Thopas 744,,0,0,Whan hem were bet to slepe,Whan hem were bet to slepe,"     ","     ",whan@adv&conj hem@pron%pl_obj ben@v%pt_3 bet@adj%comp to@part slepen@v%inf,whan@adv&conj hem@pron%pl_obj ben@v%pt_3 bet@adj%comp to@part slepen@v%inf,
But he was chaast and no lechour,But he was chast and no lechour,data/riverside_cats/Thop_riv.cat,data/oxford_txts/Thop_oxford.txt,data/csvs/Thop,Sir Thopas 745,,0,0,But he was chaast and no lechour,But he was chast and no lechour,"      ","      ",but@conj he@pron1%nom ben@v%pt_3 chaste@adj and@conj no@gram_adj lechour@n,but@conj he@pron1%nom ben@v%pt_3 chaste@adj and@conj no@gram_adj lechour@n,
And sweete as is the brembul flour,And sweet as is the brambel-flour°,data/riverside_cats/Thop_riv.cat,data/oxford_txts/Thop_oxford.txt,data/csvs/Thop,Sir Thopas 746,DIFF,0,0,And sweete as is the brembul flour,And sweet as is the brambelflour,"      ","     ",and@conj swete@adj as@conj ben@v%pr_3 the@def_art brembel@n flour@n1,and@conj swete@adj as@conj ben@v%pr_3 the@def_art brembul-flour@n,green
That bereth the rede hepe.,    That bereth the red hepe.°,data/riverside_cats/Thop_riv.cat,data/oxford_txts/Thop_oxford.txt,data/csvs/Thop,Sir Thopas 747,,0,0,That bereth the rede hepe,That bereth the red hepe,"    ","    ",that@pron beren@v1%pr_3 the@def_art red@adj hepe@n2,that@pron beren@v1%pr_3 the@def_art red@adj hepe@n2,
And so bifel upon a day,"And so bifel upon a day,°",data/riverside_cats/Thop_riv.cat,data/oxford_txts/Thop_oxford.txt,data/csvs/Thop,Sir Thopas 748,,0,0,And so bifel upon a day,And so bifel upon a day,"     ","     ",and@conj so@adv bifallen@v%pt_3 upon@prep a@indef_art dai@n,and@conj so@adv bifallen@v%pt_3 upon@prep a@indef_art dai@n,
"For sothe, as I yow telle may","For sothe,° as I yow telle may",data/riverside_cats/Thop_riv.cat,data/oxford_txts/Thop_oxford.txt,data/csvs/Thop,Sir Thopas 749,,0,0,For sothe as I yow telle may,For sothe as I yow telle may,"      ","      ",for@prep soth@n as@conj ich@pron%nom you@pron%pl_obj tellen@v%inf mouen@v3%pr_1,for@prep soth@n as@conj ich@pron%nom you@pron%pl_obj tellen@v%inf mouen@v3%pr_1,
Sire Thopas wolde out ride.,    Sir Thopas wolde° out ride;,data/riverside_cats/Thop_riv.cat,data/oxford_txts/Thop_oxford.txt,data/csvs/Thop,Sir Thopas 750,,0,0,Sire Thopas wolde out ride,Sir Thopas wolde out ride,"    ","    ",sire@n#adj thopas@n#propn willen@v%pt_3 oute@adv riden@v%inf,sire@n#adj thopas@n#propn willen@v%pt_3 oute@adv riden@v%inf,
He worth upon his steede gray,He worth upon° his stede gray,data/riverside_cats/Thop_riv.cat,data/oxford_txts/Thop_oxford.txt,data/csvs/Thop,Sir Thopas 751,,0,0,He worth upon his steede gray,He worth upon his stede gray,"     ","     ",he@pron1%nom worthen@v%pr_3 upon@prep his@pron1%gen stede@n2 grei@adj,he@pron1%nom worthen@v%pr_3 upon@prep his@pron1%gen stede@n2 grei@adj,
And in his hand a launcegay,"And in his hand a launcegay,°",data/riverside_cats/Thop_riv.cat,data/oxford_txts/Thop_oxford.txt,data/csvs/Thop,Sir Thopas 752,,0,0,And in his hand a launcegay,And in his hand a launcegay,"     ","     ",and@conj in@prep his@pron1%gen honde@n a@indef_art launcegai@n,and@conj in@prep his@pron1%gen honde@n a@indef_art launcegai@n,
A long swerd by his side.,    A long swerd by his side.,data/riverside_cats/Thop_riv.cat,data/oxford_txts/Thop_oxford.txt,data/csvs/Thop,Sir Thopas 753,,0,0,A long swerd by his side,A long swerd by his side,"     ","     ",a@indef_art long@adj1 sword@n bi@prep his@pron1%gen side@n,a@indef_art long@adj1 sword@n bi@prep his@pron1%gen side@n,
He priketh thurgh a fair forest,He priketh° thurgh a fair forest,data/riverside_cats/Thop_riv.cat,data/oxford_txts/Thop_oxford.txt,data/csvs/Thop,Sir Thopas 754,,0,0,He priketh thurgh a fair forest,He priketh thurgh a fair forest,"     ","     ",he@pron1%nom priken@v%pr_3 thurgh@prep a@indef_art fair@adj forest@n,he@pron1%nom priken@v%pr_3 thurgh@prep a@indef_art fair@adj forest@n,
Therinne is many a wilde best,Therinne° is many a wilde best,data/riverside_cats/Thop_riv.cat,data/oxford_txts/Thop_oxford.txt,data/csvs/Thop,Sir Thopas 755,,10,10,Therinne is many a wilde best,Therinne is many a wilde best,uSu S uS u Su S,uSu S uS u Su S,ther-inne@adv ben@v%pr_3 mani@gram_adj a@indef_art wilde@adj beste@n,ther-inne@adv ben@v%pr_3 mani@gram_adj a@indef_art wilde@adj beste@n,
"Ye, bothe bukke and hare;","    Ye,° both bukke° and hare;",data/riverside_cats/Thop_riv.cat,data/oxford_txts/Thop_oxford.txt,data/csvs/Thop,Sir Thopas 756,,0,0,Ye bothe bukke and hare,Ye both bukke and hare,"    ","    ",ye@adv bothe@num_conj bukke@n and@conj hare@n,ye@adv bothe@num_conj bukke@n and@conj hare@n,
And as he priketh north and est,"And, as he priketh north and est",data/riverside_cats/Thop_riv.cat,data/oxford_txts/Thop_oxford.txt,data/csvs/Thop,Sir Thopas 757,,0,0,And as he priketh north and est,And as he priketh north and est,"      ","      ",and@conj as@conj he@pron1%nom priken@v%pr_3 north@adv and@conj est@n#adv,and@conj as@conj he@pron1%nom priken@v%pr_3 north@adv and@conj est@n#adv,
"I telle it yow, hym hadde almest","I telle it yow, him hadde almest",data/riverside_cats/Thop_riv.cat,data/oxford_txts/Thop_oxford.txt,data/csvs/Thop,Sir Thopas 758,,0,0,I telle it yow hym hadde almest,I telle it yow him hadde almest,"      ","      ",ich@pron%nom tellen@v%pr_1 hit@pron you@pron%pl_obj him@pron%obj haven@v%pt_3 al-most@adv,ich@pron%nom tellen@v%pr_1 hit@pron you@pron%pl_obj him@pron%obj haven@v%pt_3 al-most@adv,
Bitid a sory care.,    Bitidde° a sory° care.°,data/riverside_cats/Thop_riv.cat,data/oxford_txts/Thop_oxford.txt,data/csvs/Thop,Sir Thopas 759,,0,0,Bitid a sory care,Bitidde a sory care,"   ","   ",bitiden@v%ppl a@indef_art sori@adj care@n1,bitiden@v%ppl a@indef_art sori@adj care@n1,
Ther spryngen herbes grete and smale,Ther springen herbes grete and smale,data/riverside_cats/Thop_riv.cat,data/oxford_txts/Thop_oxford.txt,data/csvs/Thop,Sir Thopas 760,,0,0,Ther spryngen herbes grete and smale,Ther springen herbes grete and smale,"     ","     ",ther@adv springen@v%pr_pl herbe@n%pl gret@adj and@conj smal@adj,ther@adv springen@v%pr_pl herbe@n%pl gret@adj and@conj smal@adj,
The lycorys and the cetewale,"The licoris and cetewale,°",data/riverside_cats/Thop_riv.cat,data/oxford_txts/Thop_oxford.txt,data/csvs/Thop,Sir Thopas 761,DIFF,9,0,The lycorys and the cetewale,The licoris and cetewale,S uSu S u SuSx,"   ",the@def_art licoris@n and@conj the@def_art setewale@n,the@def_art licoris@n and@conj setewale@n,green
And many a clowe-gylofre;,    And many a clow-gilofre;°,data/riverside_cats/Thop_riv.cat,data/oxford_txts/Thop_oxford.txt,data/csvs/Thop,Sir Thopas 762,,0,0,And many a clowegylofre,And many a clowgilofre,"   ","   ",and@conj mani@gram_adj a@indef_art clowe-gilofre@n,and@conj mani@gram_adj a@indef_art clowe-gilofre@n,
And notemuge to putte in ale,And notemuge° to putte in ale,data/riverside_cats/Thop_riv.cat,data/oxford_txts/Thop_oxford.txt,data/csvs/Thop,Sir Thopas 763,,0,0,And notemuge to putte in ale,And notemuge to putte in ale,"     ","     ",and@conj note-muge@n to@part putten@v%inf in@prep ale@n,and@conj note-muge@n to@part putten@v%inf in@prep ale@n,
Wheither it be moyste or stale,Whether it be moiste° or stale,data/riverside_cats/Thop_riv.cat,data/oxford_txts/Thop_oxford.txt,data/csvs/Thop,Sir Thopas 764,,0,0,Wheither it be moyste or stale,Whether it be moiste or stale,"     ","     ",whether@conj hit@pron ben@v%pr_3 moiste@adj or@conj stale@adj1,whether@conj hit@pron ben@v%pr_3 moiste@adj or@conj stale@adj1,
Or for to leye in cofre.,    Or for to leye in cofre.°,data/riverside_cats/Thop_riv.cat,data/oxford_txts/Thop_oxford.txt,data/csvs/Thop,Sir Thopas 765,,0,0,Or for to leye in cofre,Or for to leye in cofre,"     ","     ",or@conj for@prep#adv to@part leien@v1%inf in@prep cofre@n,or@conj for@prep#adv to@part leien@v1%inf in@prep cofre@n,
"The briddes synge, it is no nay","The briddes singe, it is no nay,°",data/riverside_cats/Thop_riv.cat,data/oxford_txts/Thop_oxford.txt,data/csvs/Thop,Sir Thopas 766,,0,0,The briddes synge it is no nay,The briddes singe it is no nay,"      ","      ",the@def_art brid@n%pl singen@v%pr_pl hit@pron ben@v%pr_3 no@gram_adj nai@n,the@def_art brid@n%pl singen@v%pr_pl hit@pron ben@v%pr_3 no@gram_adj nai@n,
The sparhauk and the papejay,"The sparhauk° and the papejay,°",data/riverside_cats/Thop_riv.cat,data/oxford_txts/Thop_oxford.txt,data/csvs/Thop,Sir Thopas 767,,0,0,The sparhauk and the papejay,The sparhauk and the papejay,"    ","    ",the@def_art spar-hauk@n and@conj the@def_art papejaie@n,the@def_art spar-hauk@n and@conj the@def_art papejaie@n,
That joye it was to heere;,    That joye it was to heere;,data/riverside_cats/Thop_riv.cat,data/oxford_txts/Thop_oxford.txt,data/csvs/Thop,Sir Thopas 768,,0,0,That joye it was to heere,That joye it was to heere,"     ","     ",that@conj joie@n hit@pron ben@v%pt_3 to@part heren@v%inf,that@conj joie@n hit@pron ben@v%pt_3 to@part heren@v%inf,
The thrustelcok made eek hir lay,The thrustelcok° made eek his lay,data/riverside_cats/Thop_riv.cat,data/oxford_txts/Thop_oxford.txt,data/csvs/Thop,Sir Thopas 769,DIFF,9,9,The thrustelcok made eek hir lay,The thrustelcok made eek his lay,S uSu Su S u S,S uSu Su S u S,the@def_art throstel-cok@n maken@v1%pt_3 ek@adv hire@pron1%fem_gen lai@n2,the@def_art throstel-cok@n maken@v1%pt_3 ek@adv his@pron1%gen lai@n2,green
The wodedowve upon the spray,The wodedouve° upon the spray,data/riverside_cats/Thop_riv.cat,data/oxford_txts/Thop_oxford.txt,data/csvs/Thop,Sir Thopas 770,,0,0,The wodedowve upon the spray,The wodedouve upon the spray,"    ","    ",the@def_art wode-douve@n upon@prep the@def_art sprai@n1,the@def_art wode-douve@n upon@prep the@def_art sprai@n1,
She sang ful loude and cleere.,    She sang ful loude and clere.,data/riverside_cats/Thop_riv.cat,data/oxford_txts/Thop_oxford.txt,data/csvs/Thop,Sir Thopas 771,,0,0,She sang ful loude and cleere,She sang ful loude and clere,"     ","     ",she@pron%nom singen@v%pt_3 ful@adv loude@adv and@conj cler@adv,she@pron%nom singen@v%pt_3 ful@adv loude@adv and@conj cler@adv,
Sire Thopas fil in love-longynge,Sir Thopas fil° in luf-longinge,data/riverside_cats/Thop_riv.cat,data/oxford_txts/Thop_oxford.txt,data/csvs/Thop,Sir Thopas 772,DIFF,9,0,Sire Thopas fil in lovelongynge,Sir Thopas fil in luflonginge,Sx uS u S uSuSx,"    ",sire@n#adj thopas@n#propn fallen@v%pt_3 in@prep love-longinge@n,sire@n#adj thopas@n#propn fallen@v%pt_3 in@prep love-longinge@n,green
Al whan he herde the thrustel synge,Al whan he herd the thrustel° singe,data/riverside_cats/Thop_riv.cat,data/oxford_txts/Thop_oxford.txt,data/csvs/Thop,Sir Thopas 773,,0,0,Al whan he herde the thrustel synge,Al whan he herd the thrustel singe,"      ","      ",al@adv whan@adv&conj he@pron1%nom heren@v%pt_3 the@def_art throstel@n singen@v%inf,al@adv whan@adv&conj he@pron1%nom heren@v%pt_3 the@def_art throstel@n singen@v%inf,
And pryked as he were wood.,    And priked° as he wer wood:°,data/riverside_cats/Thop_riv.cat,data/oxford_txts/Thop_oxford.txt,data/csvs/Thop,Sir Thopas 774,,0,0,And pryked as he were wood,And priked as he wer wood,"     ","     ",and@conj priken@v%pt_3 as@conj he@pron1%nom ben@v%pt_3 wod@adj,and@conj priken@v%pt_3 as@conj he@pron1%nom ben@v%pt_3 wod@adj,
His faire steede in his prikynge,His faire stede in his prikinge,data/riverside_cats/Thop_riv.cat,data/oxford_txts/Thop_oxford.txt,data/csvs/Thop,Sir Thopas 775,,0,0,His faire steede in his prikynge,His faire stede in his prikinge,"     ","     ",his@pron1%gen fair@adj stede@n2 in@prep his@pron1%gen prikinge@ger,his@pron1%gen fair@adj stede@n2 in@prep his@pron1%gen prikinge@ger,
So swatte that men myghte him wrynge;,"So swatte° that men mighte him wringe,°",data/riverside_cats/Thop_riv.cat,data/oxford_txts/Thop_oxford.txt,data/csvs/Thop,Sir Thopas 776,,0,0,So swatte that men myghte him wrynge,So swatte that men mighte him wringe,"      ","      ",so@adv sweten@v1%pt_3 that@conj man@n%pl mouen@v3%pt_pl him@pron%obj wringen@v%inf,so@adv sweten@v1%pt_3 that@conj man@n%pl mouen@v3%pt_pl him@pron%obj wringen@v%inf,
His sydes were al blood.,    His sides were al blood.,data/riverside_cats/Thop_riv.cat,data/oxford_txts/Thop_oxford.txt,data/csvs/Thop,Sir Thopas 777,,0,0,His sydes were al blood,His sides were al blood,"    ","    ",his@pron1%gen side@n%pl ben@v%pt_pl al@gram_adj blod@n1,his@pron1%gen side@n%pl ben@v%pt_pl al@gram_adj blod@n1,
Sire Thopas eek so wery was,Sir Thopas eek so wery was,data/riverside_cats/Thop_riv.cat,data/oxford_txts/Thop_oxford.txt,data/csvs/Thop,Sir Thopas 778,,9,0,Sire Thopas eek so wery was,Sir Thopas eek so wery was,Su Su S u Su S,"     ",sire@n#adj thopas@n#propn ek@adv so@adv weri@adj ben@v%pt_3,sire@n#adj thopas@n#propn ek@adv so@adv weri@adj ben@v%pt_3,
For prikyng on the softe gras,For° prikinge on the softe gras,data/riverside_cats/Thop_riv.cat,data/oxford_txts/Thop_oxford.txt,data/csvs/Thop,Sir Thopas 779,,0,9,For prikyng on the softe gras,For prikinge on the softe gras,"     ",S uSu S u Su S,for@conj prikinge@ger on@prep the@def_art softe@adj gras@n,for@conj prikinge@ger on@prep the@def_art softe@adj gras@n,
So fiers was his corage,"    So fiers was his corage,°",data/riverside_cats/Thop_riv.cat,data/oxford_txts/Thop_oxford.txt,data/csvs/Thop,Sir Thopas 780,,0,0,So fiers was his corage,So fiers was his corage,"    ","    ",so@adv fers@adj ben@v%pt_3 his@pron1%gen corage@n,so@adv fers@adj ben@v%pt_3 his@pron1%gen corage@n,
That doun he leyde him in that plas,That doun he leide him in that plas°,data/riverside_cats/Thop_riv.cat,data/oxford_txts/Thop_oxford.txt,data/csvs/Thop,Sir Thopas 781,,0,0,That doun he leyde him in that plas,That doun he leide him in that plas,"       ","       ",that@conj doun@adv he@pron1%nom leien@v1%pt_3 him@pron%obj in@prep that@art&gram_adj place@n,that@conj doun@adv he@pron1%nom leien@v1%pt_3 him@pron%obj in@prep that@art&gram_adj place@n,
To make his steede som solas,"To make° his stede som solas,°",data/riverside_cats/Thop_riv.cat,data/oxford_txts/Thop_oxford.txt,data/csvs/Thop,Sir Thopas 782,,0,0,To make his steede som solas,To make his stede som solas,"     ","     ",to@part maken@v1%inf his@pron1%gen stede@n2 som@gram_adj solas@n,to@part maken@v1%inf his@pron1%gen stede@n2 som@gram_adj solas@n,
And yaf hym good forage.,    And yaf him good forage.°,data/riverside_cats/Thop_riv.cat,data/oxford_txts/Thop_oxford.txt,data/csvs/Thop,Sir Thopas 783,,0,0,And yaf hym good forage,And yaf him good forage,"    ","    ",and@conj yeven@v%pt_3 him@pron%obj god@adj forage@n,and@conj yeven@v%pt_3 him@pron%obj god@adj forage@n,
"O Seinte Marie, benedicite!","“O Seint Marie, benedicite!°",data/riverside_cats/Thop_riv.cat,data/oxford_txts/Thop_oxford.txt,data/csvs/Thop,Sir Thopas 784,,0,0,O Seinte Marie benedicite,O Seint Marie benedicite,"   ","   ",o@interj seinte@adj marie@n1#propn benedicite@interj,o@interj seinte@adj marie@n1#propn benedicite@interj,
What eyleth this love at me,What eileth this love at me°,data/riverside_cats/Thop_riv.cat,data/oxford_txts/Thop_oxford.txt,data/csvs/Thop,Sir Thopas 785,,0,0,What eyleth this love at me,What eileth this love at me,"     ","     ",what@pron eilen@v%pr_3 this@gram_adj love@n1 at@prep me@pron2%obj,what@pron eilen@v%pr_3 this@gram_adj love@n1 at@prep me@pron2%obj,
To bynde me so soore?,    To binde me so sore?°,data/riverside_cats/Thop_riv.cat,data/oxford_txts/Thop_oxford.txt,data/csvs/Thop,Sir Thopas 786,,0,0,To bynde me so soore,To binde me so sore,"    ","    ",to@part binden@v%inf me@pron2%obj so@adv sore@adv,to@part binden@v%inf me@pron2%obj so@adv sore@adv,
"Me dremed al this nyght, pardee","Me dremed al this night, pardee",data/riverside_cats/Thop_riv.cat,data/oxford_txts/Thop_oxford.txt,data/csvs/Thop,Sir Thopas 787,,0,0,Me dremed al this nyght pardee,Me dremed al this night pardee,"     ","     ",me@pron2%obj dremen@v2%pt_3 al@gram_adj this@gram_adj night@n parde@interj,me@pron2%obj dremen@v2%pt_3 al@gram_adj this@gram_adj night@n parde@interj,
An elf-queene shal my lemman be,An elf-queen shal my lemman° be,data/riverside_cats/Thop_riv.cat,data/oxford_txts/Thop_oxford.txt,data/csvs/Thop,Sir Thopas 788,,9,0,An elfqueene shal my lemman be,An elfqueen shal my lemman be,S uSu S u Su S,"     ",a@indef_art elf-queene@n shulen@v1%pr_3 min@pron%gen lemman@n ben@v%inf,a@indef_art elf-queene@n shulen@v1%pr_3 min@pron%gen lemman@n ben@v%inf,
And slepe under my goore.,    And slepe under my gore.°,data/riverside_cats/Thop_riv.cat,data/oxford_txts/Thop_oxford.txt,data/csvs/Thop,Sir Thopas 789,,0,0,And slepe under my goore,And slepe under my gore,"    ","    ",and@conj slepen@v%inf under@prep min@pron%gen gore@n2,and@conj slepen@v%inf under@prep min@pron%gen gore@n2,
"An elf-queene wol I love, ywis","“An elf-queen wol I love, ywis,°",data/riverside_cats/Thop_riv.cat,data/oxford_txts/Thop_oxford.txt,data/csvs/Thop,Sir Thopas 790,,9,0,An elfqueene wol I love ywis,An elfqueen wol I love ywis,S uSu S u Sx uS,"     ",a@indef_art elf-queene@n willen@v%pr_1 ich@pron%nom loven@v1%inf iwis@adv,a@indef_art elf-queene@n willen@v%pr_1 ich@pron%nom loven@v1%inf iwis@adv,
For in this world no womman is,For in this world no womman is,data/riverside_cats/Thop_riv.cat,data/oxford_txts/Thop_oxford.txt,data/csvs/Thop,Sir Thopas 791,,0,0,For in this world no womman is,For in this world no womman is,"      ","      ",for@conj in@prep this@gram_adj world@n no@gram_adj womman@n ben@v%pr_3,for@conj in@prep this@gram_adj world@n no@gram_adj womman@n ben@v%pr_3,
Worthy to be my make,    Worthy to be my make°,data/riverside_cats/Thop_riv.cat,data/oxford_txts/Thop_oxford.txt,data/csvs/Thop,Sir Thopas 792,,0,0,Worthy to be my make,Worthy to be my make,"    ","    ",worthi@adj to@part ben@v%inf min@pron%gen make@n1,worthi@adj to@part ben@v%inf min@pron%gen make@n1,
In towne;,     In toune;,data/riverside_cats/Thop_riv.cat,data/oxford_txts/Thop_oxford.txt,data/csvs/Thop,Sir Thopas 793,,0,0,In towne,In toune," "," ",in@prep toun@n,in@prep toun@n,
Alle othere wommen I forsake,Alle other wommen I forsake,data/riverside_cats/Thop_riv.cat,data/oxford_txts/Thop_oxford.txt,data/csvs/Thop,Sir Thopas 794,,9,9,Alle othere wommen I forsake,Alle other wommen I forsake,Sx uSu Su S uSx,Su Su Su S uSx,al@gram_adj other@gram_adj womman@n%pl ich@pron%nom forsaken@v%pr_1,al@gram_adj other@gram_adj womman@n%pl ich@pron%nom forsaken@v%pr_1,
And to an elf-queene I me take,And to an elf-queene I me take,data/riverside_cats/Thop_riv.cat,data/oxford_txts/Thop_oxford.txt,data/csvs/Thop,Sir Thopas 795,,9,9,And to an elfqueene I me take,And to an elfqueene I me take,S u S uSu S u Sx,S u S uSu S u Sx,and@conj to@prep a@indef_art elf-queene@n ich@pron%nom me@pron2%obj taken@v%pr_1,and@conj to@prep a@indef_art elf-queene@n ich@pron%nom me@pron2%obj taken@v%pr_1,
By dale and eek by downe!,    By dale and eek by doune!”°,data/riverside_cats/Thop_riv.cat,data/oxford_txts/Thop_oxford.txt,data/csvs/Thop,Sir Thopas 796,,0,0,By dale and eek by downe,By dale and eek by doune,"     ","     ",bi@prep dale@n and@conj ek@adv bi@prep doune@n,bi@prep dale@n and@conj ek@adv bi@prep doune@n,
Into his sadel he clamb anon,Into his sadel he clamb° anoon,data/riverside_cats/Thop_riv.cat,data/oxford_txts/Thop_oxford.txt,data/csvs/Thop,Sir Thopas 797,,9,9,Into his sadel he clamb anon,Into his sadel he clamb anoon,Su S uS u S uS,Su S uS u S uS,in-to@prep his@pron1%gen sadel@n he@pron1%nom climben@v%pt_3 an-on@adv,in-to@prep his@pron1%gen sadel@n he@pron1%nom climben@v%pt_3 an-on@adv,
And priketh over stile and stoon,And priketh over stile and stoon,data/riverside_cats/Thop_riv.cat,data/oxford_txts/Thop_oxford.txt,data/csvs/Thop,Sir Thopas 798,,0,0,And priketh over stile and stoon,And priketh over stile and stoon,"     ","     ",and@conj priken@v%pr_3 over@prep stile@n1 and@conj ston@n,and@conj priken@v%pr_3 over@prep stile@n1 and@conj ston@n,
An elf-queene for t' espye,"    An elf-queen for t’espie,°",data/riverside_cats/Thop_riv.cat,data/oxford_txts/Thop_oxford.txt,data/csvs/Thop,Sir Thopas 799,DIFF,0,0,An elfqueene for t espye,An elfqueen for t espie,"    ","    ",a@indef_art elf-queene@n for@prep#adv to@part aspien@v%inf,a@indef_art elf-queene@n for@prep#adv to@part aspien@v%inf,green
Til he so longe hath riden and goon,Til he so longe hath riden and goon,data/riverside_cats/Thop_riv.cat,data/oxford_txts/Thop_oxford.txt,data/csvs/Thop,Sir Thopas 800,,10,10,Til he so longe hath riden and goon,Til he so longe hath riden and goon,u S u Su S uS u S,u S u Su S uS u S,til@conj he@pron1%nom so@adv longe@adv haven@v%pr_3 riden@v%ppl and@conj gon@v%ppl,til@conj he@pron1%nom so@adv longe@adv haven@v%pr_3 riden@v%ppl and@conj gon@v%ppl,
"That he foond, in a pryve woon","That he fond, in a privee° woon,°",data/riverside_cats/Thop_riv.cat,data/oxford_txts/Thop_oxford.txt,data/csvs/Thop,Sir Thopas 801,,0,0,That he foond in a pryve woon,That he fond in a privee woon,"      ","      ",that@conj he@pron1%nom finden@v%pt_3 in@prep a@indef_art prive@adj1 won@n1,that@conj he@pron1%nom finden@v%pt_3 in@prep a@indef_art prive@adj1 won@n1,
The contree of Fairye,    The contree of Fairie,data/riverside_cats/Thop_riv.cat,data/oxford_txts/Thop_oxford.txt,data/csvs/Thop,Sir Thopas 802,,0,0,The contree of Fairye,The contree of Fairie,"   ","   ",the@def_art contree@n of@prep fairie@n,the@def_art contree@n of@prep fairie@n,
So wilde;,     So wilde;,data/riverside_cats/Thop_riv.cat,data/oxford_txts/Thop_oxford.txt,data/csvs/Thop,Sir Thopas 803,,0,0,So wilde,So wilde," "," ",so@adv wilde@adj,so@adv wilde@adj,
For in that contree was ther noon,For in that contree was ther noon,data/riverside_cats/Thop_riv.cat,data/oxford_txts/Thop_oxford.txt,data/csvs/Thop,Sir Thopas 804,,0,0,For in that contree was ther noon,For in that contree was ther noon,"      ","      ",for@conj in@prep that@art&gram_adj contree@n ben@v%pt_3 ther@adv non@pron,for@conj in@prep that@art&gram_adj contree@n ben@v%pt_3 ther@adv non@pron,
That to him durste ride or goon,That to him dorste° ride or goon,data/riverside_cats/Thop_riv.cat,data/oxford_txts/Thop_oxford.txt,data/csvs/Thop,Sir Thopas 805,,0,0,That to him durste ride or goon,That to him dorste ride or goon,"      ","      ",that@pron to@prep him@pron%obj durren@v%pt_3 riden@v%inf or@conj gon@v%inf,that@pron to@prep him@pron%obj durren@v%pt_3 riden@v%inf or@conj gon@v%inf,
Neither wyf ne childe;,    Neither wif ne childe.,data/riverside_cats/Thop_riv.cat,data/oxford_txts/Thop_oxford.txt,data/csvs/Thop,Sir Thopas 806,,0,0,Neither wyf ne childe,Neither wif ne childe,"   ","   ",neither@conj wif@n ne@conj1 child@n,neither@conj wif@n ne@conj1 child@n,
Til that ther cam a greet geaunt,Til that ther cam a greet geaunt,data/riverside_cats/Thop_riv.cat,data/oxford_txts/Thop_oxford.txt,data/csvs/Thop,Sir Thopas 807,,0,0,Til that ther cam a greet geaunt,Til that ther cam a greet geaunt,"      ","      ",til@conj that@part ther@adv comen@v%pt_3 a@indef_art gret@adj geaunt@n,til@conj that@part ther@adv comen@v%pt_3 a@indef_art gret@adj geaunt@n,
His name was sire Olifaunt,His name was Sire Olifaunt,data/riverside_cats/Thop_riv.cat,data/oxford_txts/Thop_oxford.txt,data/csvs/Thop,Sir Thopas 808,,0,0,His name was sire Olifaunt,His name was Sire Olifaunt,"    ","    ",his@pron1%gen name@n ben@v%pt_3 sire@n#adj olifaunt@n2#propn,his@pron1%gen name@n ben@v%pt_3 sire@n#adj olifaunt@n2#propn,
A perilous man of dede.,    A perilous man of dede;,data/riverside_cats/Thop_riv.cat,data/oxford_txts/Thop_oxford.txt,data/csvs/Thop,Sir Thopas 809,,0,0,A perilous man of dede,A perilous man of dede,"    ","    ",a@indef_art perilous@adj man@n of@prep dede@n,a@indef_art perilous@adj man@n of@prep dede@n,
"He seyde, """"Child, by Termagaunt","He seide, “Child,° by Termagaunt",data/riverside_cats/Thop_riv.cat,data/oxford_txts/Thop_oxford.txt,data/csvs/Thop,Sir Thopas 810,,0,0,He seyde Child by Termagaunt,He seide Child by Termagaunt,"    ","    ",he@pron1%nom seien@v1%pt_3 child@n bi@prep termagaunt@n#propn,he@pron1%nom seien@v1%pt_3 child@n bi@prep termagaunt@n#propn,
But if thou prike out of myn haunt,"But if° thou prike out of min haunt,°",data/riverside_cats/Thop_riv.cat,data/oxford_txts/Thop_oxford.txt,data/csvs/Thop,Sir Thopas 811,,0,0,But if thou prike out of myn haunt,But if thou prike out of min haunt,"       ","       ",but@conj if@conj thou@pron%nom priken@v%pr_2 oute@adv#prep of@prep min@pron%gen haunt@n,but@conj if@conj thou@pron%nom priken@v%pr_2 oute@adv#prep of@prep min@pron%gen haunt@n,
Anon I sle thy steede,    Anon°I slee thy stede,data/riverside_cats/Thop_riv.cat,data/oxford_txts/Thop_oxford.txt,data/csvs/Thop,Sir Thopas 812,DIFF,0,0,Anon I sle thy steede,Anon I slee thy stede,"    ","    ",an-on@adv ich@pron%nom slen@v%pr_1 thin@pron%gen stede@n2,an-on@adv ich@pron%nom slen@v%pr_1 thin@pron%gen stede@n2,green
With mace.,     With mace.,data/riverside_cats/Thop_riv.cat,data/oxford_txts/Thop_oxford.txt,data/csvs/Thop,Sir Thopas 813,,0,0,With mace,With mace," "," ",with@prep mace@n,with@prep mace@n,
Heere is the queene of Fayerye,Heere is the queene of Faierie,data/riverside_cats/Thop_riv.cat,data/oxford_txts/Thop_oxford.txt,data/csvs/Thop,Sir Thopas 814,,0,9,Heere is the queene of Fayerye,Heere is the queene of Faierie,"     ",Su S u Sx u SuS,her@adv ben@v%pr_3 the@def_art quene@n2 of@prep fairie@n,her@adv ben@v%pr_3 the@def_art quene@n2 of@prep fairie@n,
With harpe and pipe and symphonye,With harpe and pipe and simphonie°,data/riverside_cats/Thop_riv.cat,data/oxford_txts/Thop_oxford.txt,data/csvs/Thop,Sir Thopas 815,,0,0,With harpe and pipe and symphonye,With harpe and pipe and simphonie,"     ","     ",with@prep harpe@n and@conj pipe@n1 and@conj simphonie@n,with@prep harpe@n and@conj pipe@n1 and@conj simphonie@n,
Dwellynge in this place.,    Dwelling in this place.”,data/riverside_cats/Thop_riv.cat,data/oxford_txts/Thop_oxford.txt,data/csvs/Thop,Sir Thopas 816,,0,0,Dwellynge in this place,Dwelling in this place,"   ","   ",dwellen@v%prp in@prep this@gram_adj place@n,dwellen@v%prp in@prep this@gram_adj place@n,
"The child seyde, """"Also moote I thee","The child seide, “Also mote I thee,°",data/riverside_cats/Thop_riv.cat,data/oxford_txts/Thop_oxford.txt,data/csvs/Thop,Sir Thopas 817,,9,9,The child seyde Also moote I thee,The child seide Also mote I thee,S u Su Su Sx u S,S u Su Su Sx u S,the@def_art child@n seien@v1%pt_3 as@conj moten@v2%pr_1 ich@pron%nom then@v%inf,the@def_art child@n seien@v1%pt_3 as@conj moten@v2%pr_1 ich@pron%nom then@v%inf,
Tomorwe wol I meete with thee,Tomorwe wol I meete thee,data/riverside_cats/Thop_riv.cat,data/oxford_txts/Thop_oxford.txt,data/csvs/Thop,Sir Thopas 818,DIFF,0,0,Tomorwe wol I meete with thee,Tomorwe wol I meete thee,"     ","    ",to-morwe@adv willen@v%pr_1 ich@pron%nom meten@v4%inf with@prep the@pron2%obj,to-morwe@adv willen@v%pr_1 ich@pron%nom meten@v4%inf the@pron2%obj,green
Whan I have myn armoure;,    Whan I have min armoure;,data/riverside_cats/Thop_riv.cat,data/oxford_txts/Thop_oxford.txt,data/csvs/Thop,Sir Thopas 819,,0,0,Whan I have myn armoure,Whan I have min armoure,"    ","    ",whan@adv&conj ich@pron%nom haven@v%pr_1 min@pron%gen armure@n,whan@adv&conj ich@pron%nom haven@v%pr_1 min@pron%gen armure@n,
"And yet I hope, par ma fay","And yet I hope, par ma fay,°",data/riverside_cats/Thop_riv.cat,data/oxford_txts/Thop_oxford.txt,data/csvs/Thop,Sir Thopas 820,,0,0,And yet I hope par ma fay,And yet I hope par ma fay,"      ","      ",and@conj yet@adv ich@pron%nom hopen@v1%pr_1 par@prep ma@fr_pron feith@n,and@conj yet@adv ich@pron%nom hopen@v1%pr_1 par@prep ma@fr_pron feith@n,
That thou shalt with this launcegay,That thou shalt with this launcegay°,data/riverside_cats/Thop_riv.cat,data/oxford_txts/Thop_oxford.txt,data/csvs/Thop,Sir Thopas 821,,0,0,That thou shalt with this launcegay,That thou shalt with this launcegay,"     ","     ",that@conj thou@pron%nom shulen@v1%pr_2 with@prep this@gram_adj launcegai@n,that@conj thou@pron%nom shulen@v1%pr_2 with@prep this@gram_adj launcegai@n,
Abyen it ful sowre.,    Abyen° it ful soure;°,data/riverside_cats/Thop_riv.cat,data/oxford_txts/Thop_oxford.txt,data/csvs/Thop,Sir Thopas 822,,0,0,Abyen it ful sowre,Abyen it ful soure,"   ","   ",abien@v%inf hit@pron ful@adv soure@adv,abien@v%inf hit@pron ful@adv soure@adv,
Thy mawe,     Thy mawe°,data/riverside_cats/Thop_riv.cat,data/oxford_txts/Thop_oxford.txt,data/csvs/Thop,Sir Thopas 823,,0,0,Thy mawe,Thy mawe," "," ",thin@pron%gen maue@n,thin@pron%gen maue@n,
"Shal I percen, if I may","Shal I percen, if I may",data/riverside_cats/Thop_riv.cat,data/oxford_txts/Thop_oxford.txt,data/csvs/Thop,Sir Thopas 824,,0,0,Shal I percen if I may,Shal I percen if I may,"     ","     ",shulen@v1%pr_1 ich@pron%nom percen@v%inf if@conj ich@pron%nom mouen@v3%pr_1,shulen@v1%pr_1 ich@pron%nom percen@v%inf if@conj ich@pron%nom mouen@v3%pr_1,
Er it be fully pryme of day,"Er it be fully prime of day,°",data/riverside_cats/Thop_riv.cat,data/oxford_txts/Thop_oxford.txt,data/csvs/Thop,Sir Thopas 825,,0,0,Er it be fully pryme of day,Er it be fully prime of day,"      ","      ",er@conj1 hit@pron ben@v%pr_3 fulli@adv prime@n of@prep dai@n,er@conj1 hit@pron ben@v%pr_3 fulli@adv prime@n of@prep dai@n,
For heere thow shalt be slawe.,    For heer thou shalt be slawe.”°,data/riverside_cats/Thop_riv.cat,data/oxford_txts/Thop_oxford.txt,data/csvs/Thop,Sir Thopas 826,,0,0,For heere thow shalt be slawe,For heer thou shalt be slawe,"     ","     ",for@conj her@adv thou@pron%nom shulen@v1%pr_2 ben@v%inf slen@v%ppl,for@conj her@adv thou@pron%nom shulen@v1%pr_2 ben@v%inf slen@v%ppl,
Sire Thopas drow abak ful faste;,Sir Thopas drow abak° ful faste;,data/riverside_cats/Thop_riv.cat,data/oxford_txts/Thop_oxford.txt,data/csvs/Thop,Sir Thopas 827,,9,0,Sire Thopas drow abak ful faste,Sir Thopas drow abak ful faste,Su Su S uS u Sx,"     ",sire@n#adj thopas@n#propn drauen@v%pt_3 abak@adv ful@adv faste@adv,sire@n#adj thopas@n#propn drauen@v%pt_3 abak@adv ful@adv faste@adv,
This geant at hym stones caste,This geaunt at him stones caste,data/riverside_cats/Thop_riv.cat,data/oxford_txts/Thop_oxford.txt,data/csvs/Thop,Sir Thopas 828,,0,0,This geant at hym stones caste,This geaunt at him stones caste,"     ","     ",this@gram_adj geaunt@n at@prep him@pron%obj ston@n%pl casten@v%pt_3,this@gram_adj geaunt@n at@prep him@pron%obj ston@n%pl casten@v%pt_3,
Out of a fel staf-slynge.,    Out of a fel° staf-slinge;°,data/riverside_cats/Thop_riv.cat,data/oxford_txts/Thop_oxford.txt,data/csvs/Thop,Sir Thopas 829,,0,0,Out of a fel stafslynge,Out of a fel stafslinge,"    ","    ",oute@adv#prep of@prep a@indef_art fel@adj staf-slinge@n,oute@adv#prep of@prep a@indef_art fel@adj staf-slinge@n,
But faire escapeth child Thopas,But faire° escapeth Child Thopas,data/riverside_cats/Thop_riv.cat,data/oxford_txts/Thop_oxford.txt,data/csvs/Thop,Sir Thopas 830,,0,0,But faire escapeth child Thopas,But faire escapeth Child Thopas,"    ","    ",but@conj faire@adv escapen@v%pr_3 child@n thopas@n#propn,but@conj faire@adv escapen@v%pr_3 child@n thopas@n#propn,
And al it was thurgh Goddes gras,"And al it was thurgh Goddes gras,°",data/riverside_cats/Thop_riv.cat,data/oxford_txts/Thop_oxford.txt,data/csvs/Thop,Sir Thopas 831,,0,0,And al it was thurgh Goddes gras,And al it was thurgh Goddes gras,"      ","      ",and@conj al@gram_adj hit@pron ben@v%pt_3 thurgh@prep god@n1#propn%gen grace@n,and@conj al@gram_adj hit@pron ben@v%pt_3 thurgh@prep god@n1#propn%gen grace@n,
And thurgh his fair berynge.,    And thurgh his fair beringe.°,data/riverside_cats/Thop_riv.cat,data/oxford_txts/Thop_oxford.txt,data/csvs/Thop,Sir Thopas 832,,0,0,And thurgh his fair berynge,And thurgh his fair beringe,"    ","    ",and@conj thurgh@prep his@pron1%gen fair@adj bering@ger,and@conj thurgh@prep his@pron1%gen fair@adj bering@ger,
"Yet listeth, lordes, to my tale","Yet listeth,° lordes, to my tale",data/riverside_cats/Thop_riv.cat,data/oxford_txts/Thop_oxford.txt,data/csvs/Thop,Sir Thopas 833,,0,0,Yet listeth lordes to my tale,Yet listeth lordes to my tale,"     ","     ",yet@adv listen@v2%imp lord@n%pl to@prep min@pron%gen tale@n,yet@adv listen@v2%imp lord@n%pl to@prep min@pron%gen tale@n,
Murier than the nightyngale,Merier than the nightingale,data/riverside_cats/Thop_riv.cat,data/oxford_txts/Thop_oxford.txt,data/csvs/Thop,Sir Thopas 834,,0,0,Murier than the nightyngale,Merier than the nightingale,"   ","   ",mirie@adj%comp than@conj the@def_art nightin-gale@n,mirie@adj%comp than@conj the@def_art nightin-gale@n,
For now I wol yow rowne,    For now I wol yow roune°,data/riverside_cats/Thop_riv.cat,data/oxford_txts/Thop_oxford.txt,data/csvs/Thop,Sir Thopas 835,,0,0,For now I wol yow rowne,For now I wol yow roune,"     ","     ",for@conj nou@adv ich@pron%nom willen@v%pr_1 you@pron%pl_obj rounen@v%inf,for@conj nou@adv ich@pron%nom willen@v%pr_1 you@pron%pl_obj rounen@v%inf,
"How sir Thopas, with sydes smale",How Sir Thopas with sides° smale,data/riverside_cats/Thop_riv.cat,data/oxford_txts/Thop_oxford.txt,data/csvs/Thop,Sir Thopas 836,,0,0,How sir Thopas with sydes smale,How Sir Thopas with sides smale,"     ","     ",hou@adv&conj sire@n#adj thopas@n#propn with@prep side@n%pl smal@adj,hou@adv&conj sire@n#adj thopas@n#propn with@prep side@n%pl smal@adj,
Prikyng over hill and dale,Priking over hil and dale,data/riverside_cats/Thop_riv.cat,data/oxford_txts/Thop_oxford.txt,data/csvs/Thop,Sir Thopas 837,,0,0,Prikyng over hill and dale,Priking over hil and dale,"    ","    ",priken@v%prp_abs over@prep hille@n and@conj dale@n,priken@v%prp_abs over@prep hille@n and@conj dale@n,
Is comen agayn to towne.,    Is come again to toune.,data/riverside_cats/Thop_riv.cat,data/oxford_txts/Thop_oxford.txt,data/csvs/Thop,Sir Thopas 838,,0,0,Is comen agayn to towne,Is come again to toune,"    ","    ",ben@v%pr_3 comen@v%ppl ayen@adv to@prep toun@n,ben@v%pr_3 comen@v%ppl ayen@adv to@prep toun@n,
His myrie men comanded he,His murie men comanded he,data/riverside_cats/Thop_riv.cat,data/oxford_txts/Thop_oxford.txt,data/csvs/Thop,Sir Thopas 839,,0,0,His myrie men comanded he,His murie men comanded he,"    ","    ",his@pron1%gen mirie@adj man@n%pl commaunden@v%pt_3 he@pron1%nom,his@pron1%gen mirie@adj man@n%pl commaunden@v%pt_3 he@pron1%nom,
To make hym bothe game and glee,"To make him° bothe game and glee,°",data/riverside_cats/Thop_riv.cat,data/oxford_txts/Thop_oxford.txt,data/csvs/Thop,Sir Thopas 840,,0,0,To make hym bothe game and glee,To make him bothe game and glee,"      ","      ",to@part maken@v1%inf him@pron%obj bothe@num_conj game@n and@conj gle@n1,to@part maken@v1%inf him@pron%obj bothe@num_conj game@n and@conj gle@n1,
For nedes moste he fighte,    For nedes moste he fighte°,data/riverside_cats/Thop_riv.cat,data/oxford_txts/Thop_oxford.txt,data/csvs/Thop,Sir Thopas 841,,0,0,For nedes moste he fighte,For nedes moste he fighte,"    ","    ",for@conj nedes@adv moten@v2%pt_3 he@pron1%nom fighten@v%inf,for@conj nedes@adv moten@v2%pt_3 he@pron1%nom fighten@v%inf,
With a geaunt with hevedes three,With a geaunt with heedes three,data/riverside_cats/Thop_riv.cat,data/oxford_txts/Thop_oxford.txt,data/csvs/Thop,Sir Thopas 842,DIFF,9,0,With a geaunt with hevedes three,With a geaunt with heedes three,S u Su S uSu S,"     ",with@prep a@indef_art geaunt@n with@prep hed@n1%pl thre@num_adj,with@prep a@indef_art geaunt@n with@prep hed@n1%pl thre@num_adj,green
For paramour and jolitee,For paramour° and jolitee°,data/riverside_cats/Thop_riv.cat,data/oxford_txts/Thop_oxford.txt,data/csvs/Thop,Sir Thopas 843,,0,0,For paramour and jolitee,For paramour and jolitee,"   ","   ",for@conj paramoure@n and@conj jolite@n,for@conj paramoure@n and@conj jolite@n,
Of oon that shoon ful brighte.,    Of oon that shoon ful brighte.,data/riverside_cats/Thop_riv.cat,data/oxford_txts/Thop_oxford.txt,data/csvs/Thop,Sir Thopas 844,,0,0,Of oon that shoon ful brighte,Of oon that shoon ful brighte,"     ","     ",of@prep on@pron that@pron shinen@v%pt_3 ful@adv brighte@adv,of@prep on@pron that@pron shinen@v%pt_3 ful@adv brighte@adv,
"Do come,"""" he seyde, """"my mynstrales","“Do come,”° he seide, “my minstrales",data/riverside_cats/Thop_riv.cat,data/oxford_txts/Thop_oxford.txt,data/csvs/Thop,Sir Thopas 845,,0,0,Do come he seyde my mynstrales,Do come he seide my minstrales,"     ","     ",don@v1%imp comen@v%inf he@pron1%nom seien@v1%pt_3 min@pron%gen minstral@n%pl,don@v1%imp comen@v%inf he@pron1%nom seien@v1%pt_3 min@pron%gen minstral@n%pl,
And geestours for to tellen tales,"And gestours,° for to tellen tales",data/riverside_cats/Thop_riv.cat,data/oxford_txts/Thop_oxford.txt,data/csvs/Thop,Sir Thopas 846,,9,9,And geestours for to tellen tales,And gestours for to tellen tales,S uS u S uS uS,S uS u S uS uS,and@conj gestour@n%pl for@prep#adv to@part tellen@v%inf tale@n%pl,and@conj gestour@n%pl for@prep#adv to@part tellen@v%inf tale@n%pl,
Anon in myn armynge,    Anon in min arminge;,data/riverside_cats/Thop_riv.cat,data/oxford_txts/Thop_oxford.txt,data/csvs/Thop,Sir Thopas 847,,0,0,Anon in myn armynge,Anon in min arminge,"   ","   ",an-on@adv in@prep min@pron%gen arming@ger,an-on@adv in@prep min@pron%gen arming@ger,
Of romances that been roiales,"Of romances that been royales,°",data/riverside_cats/Thop_riv.cat,data/oxford_txts/Thop_oxford.txt,data/csvs/Thop,Sir Thopas 848,,0,9,Of romances that been roiales,Of romances that been royales,"    ",S uSu S u SuS,of@prep romaunce@n%pl that@pron ben@v%pr_pl roial@adj%pl,of@prep romaunce@n%pl that@pron ben@v%pr_pl roial@adj%pl,
Of popes and of cardinales,Of popes and of cardinales,data/riverside_cats/Thop_riv.cat,data/oxford_txts/Thop_oxford.txt,data/csvs/Thop,Sir Thopas 849,,9,9,Of popes and of cardinales,Of popes and of cardinales,S uS u S uSuS,S uS u S uSuS,of@prep pope@n%pl and@conj of@prep cardinal@n%pl,of@prep pope@n%pl and@conj of@prep cardinal@n%pl,
And eek of love-likynge.,    And eek of luf-likinge.”°,data/riverside_cats/Thop_riv.cat,data/oxford_txts/Thop_oxford.txt,data/csvs/Thop,Sir Thopas 850,DIFF,0,0,And eek of lovelikynge,And eek of luflikinge,"   ","   ",and@conj ek@adv of@prep love-likinge@n,and@conj ek@adv of@prep love-likinge@n,green
They fette hym first the sweete wyn,They fette° him first the sweete win,data/riverside_cats/Thop_riv.cat,data/oxford_txts/Thop_oxford.txt,data/csvs/Thop,Sir Thopas 851,,0,0,They fette hym first the sweete wyn,They fette him first the sweete win,"      ","      ",thei@pron%pl_nom fetten@v%pt_pl him@pron%obj first@adv the@def_art swete@adj win@n,thei@pron%pl_nom fetten@v%pt_pl him@pron%obj first@adv the@def_art swete@adj win@n,
And mede eek in a mazelyn,"And mede° eek in a maselin,°",data/riverside_cats/Thop_riv.cat,data/oxford_txts/Thop_oxford.txt,data/csvs/Thop,Sir Thopas 852,,0,0,And mede eek in a mazelyn,And mede eek in a maselin,"     ","     ",and@conj mede@n1 ek@adv in@prep a@indef_art maseline@n,and@conj mede@n1 ek@adv in@prep a@indef_art maseline@n,
And roial spicerye,    And royal spicerie;,data/riverside_cats/Thop_riv.cat,data/oxford_txts/Thop_oxford.txt,data/csvs/Thop,Sir Thopas 853,,0,0,And roial spicerye,And royal spicerie,"  ","  ",and@conj roial@adj spicerie@n,and@conj roial@adj spicerie@n,
Of gyngebreed that was ful fyn,Of gingebreed° that was ful fin,data/riverside_cats/Thop_riv.cat,data/oxford_txts/Thop_oxford.txt,data/csvs/Thop,Sir Thopas 854,,0,0,Of gyngebreed that was ful fyn,Of gingebreed that was ful fin,"     ","     ",of@prep ginge-bred@n that@pron ben@v%pt_3 ful@adv fin@adj,of@prep ginge-bred@n that@pron ben@v%pt_3 ful@adv fin@adj,
"And lycorys, and eek comyn","And licoris, and eek comin,°",data/riverside_cats/Thop_riv.cat,data/oxford_txts/Thop_oxford.txt,data/csvs/Thop,Sir Thopas 855,,0,0,And lycorys and eek comyn,And licoris and eek comin,"    ","    ",and@conj licoris@n and@conj ek@adv comin@n,and@conj licoris@n and@conj ek@adv comin@n,
With sugre that is trye.,    With sugre that is trie.°,data/riverside_cats/Thop_riv.cat,data/oxford_txts/Thop_oxford.txt,data/csvs/Thop,Sir Thopas 856,,0,0,With sugre that is trye,With sugre that is trie,"    ","    ",with@prep sugre@n that@pron ben@v%pr_3 trie@adj,with@prep sugre@n that@pron ben@v%pr_3 trie@adj,
He dide next his white leere,He dide° next° his white lere°,data/riverside_cats/Thop_riv.cat,data/oxford_txts/Thop_oxford.txt,data/csvs/Thop,Sir Thopas 857,,0,0,He dide next his white leere,He dide next his white lere,"     ","     ",he@pron1%nom don@v1%pt_3 nexte@prep his@pron1%gen whit@adj lire@n2,he@pron1%nom don@v1%pt_3 nexte@prep his@pron1%gen whit@adj lire@n2,
Of cloth of lake fyn and cleere,Of clooth of lake° fin and clere,data/riverside_cats/Thop_riv.cat,data/oxford_txts/Thop_oxford.txt,data/csvs/Thop,Sir Thopas 858,,0,0,Of cloth of lake fyn and cleere,Of clooth of lake fin and clere,"      ","      ",of@prep cloth@n of@prep lake@n2 fin@adj and@conj cler@adj,of@prep cloth@n of@prep lake@n2 fin@adj and@conj cler@adj,
A breech and eek a sherte;,    A breech° and eek a sherte;,data/riverside_cats/Thop_riv.cat,data/oxford_txts/Thop_oxford.txt,data/csvs/Thop,Sir Thopas 859,,0,0,A breech and eek a sherte,A breech and eek a sherte,"     ","     ",a@indef_art brech@n and@conj ek@adv a@indef_art shirte@n,a@indef_art brech@n and@conj ek@adv a@indef_art shirte@n,
And next his sherte an aketoun,"And next his sherte an aketoun,°",data/riverside_cats/Thop_riv.cat,data/oxford_txts/Thop_oxford.txt,data/csvs/Thop,Sir Thopas 860,,0,0,And next his sherte an aketoun,And next his sherte an aketoun,"     ","     ",and@conj nexte@prep his@pron1%gen shirte@n a@indef_art aketoun@n,and@conj nexte@prep his@pron1%gen shirte@n a@indef_art aketoun@n,
And over that an haubergeoun,And over that an habergeoun°,data/riverside_cats/Thop_riv.cat,data/oxford_txts/Thop_oxford.txt,data/csvs/Thop,Sir Thopas 861,,9,9,And over that an haubergeoun,And over that an habergeoun,S uS u S uSuS,S uS u S uSuS,and@conj over@prep that@pron a@indef_art habergeoun@n,and@conj over@prep that@pron a@indef_art habergeoun@n,
For percynge of his herte;,    For° percinge of his herte;,data/riverside_cats/Thop_riv.cat,data/oxford_txts/Thop_oxford.txt,data/csvs/Thop,Sir Thopas 862,,0,0,For percynge of his herte,For percinge of his herte,"    ","    ",for@conj percinge@ger of@prep his@pron1%gen herte@n,for@conj percinge@ger of@prep his@pron1%gen herte@n,
And over that a fyn hawberk,"And over that a fin hauberk,°",data/riverside_cats/Thop_riv.cat,data/oxford_txts/Thop_oxford.txt,data/csvs/Thop,Sir Thopas 863,DIFF,0,0,And over that a fyn hawberk,And over that a fin hauberk,"     ","     ",and@conj over@prep that@pron a@indef_art fin@adj hauberk@n,and@conj over@prep that@pron a@indef_art fin@adj hauberk@n,green
Was al ywroght of Jewes werk,"Was al ywroght° of Jewes werk,°",data/riverside_cats/Thop_riv.cat,data/oxford_txts/Thop_oxford.txt,data/csvs/Thop,Sir Thopas 864,,0,0,Was al ywroght of Jewes werk,Was al ywroght of Jewes werk,"     ","     ",ben@v%pt_3 al@adv iwerken@v%ppl of@prep jeu@n%gen werk@n,ben@v%pt_3 al@adv iwerken@v%ppl of@prep jeu@n%gen werk@n,
Ful strong it was of plate;,    Ful strong it was of plate;,data/riverside_cats/Thop_riv.cat,data/oxford_txts/Thop_oxford.txt,data/csvs/Thop,Sir Thopas 865,,0,0,Ful strong it was of plate,Ful strong it was of plate,"     ","     ",ful@adv strong@adj hit@pron ben@v%pt_3 of@prep plate@n,ful@adv strong@adj hit@pron ben@v%pt_3 of@prep plate@n,
And over that his cote-armour,And over that his cote-armour°,data/riverside_cats/Thop_riv.cat,data/oxford_txts/Thop_oxford.txt,data/csvs/Thop,Sir Thopas 866,,9,9,And over that his cotearmour,And over that his cotearmour,S uS u S uSuS,S uS u S uSuS,and@conj over@prep that@pron his@pron1%gen cote-armure@n,and@conj over@prep that@pron his@pron1%gen cote-armure@n,
As whit as is a lilye flour,As whit as is a lily flour,data/riverside_cats/Thop_riv.cat,data/oxford_txts/Thop_oxford.txt,data/csvs/Thop,Sir Thopas 867,,0,0,As whit as is a lilye flour,As whit as is a lily flour,"      ","      ",as@conj whit@adj as@conj ben@v%pr_3 a@indef_art lilie@n#adj flour@n1,as@conj whit@adj as@conj ben@v%pr_3 a@indef_art lilie@n#adj flour@n1,
In which he wol debate.,    In which he wol debate.°,data/riverside_cats/Thop_riv.cat,data/oxford_txts/Thop_oxford.txt,data/csvs/Thop,Sir Thopas 868,,0,0,In which he wol debate,In which he wol debate,"    ","    ",in@prep which@pron he@pron1%nom willen@v%pr_3 debaten@v1%inf,in@prep which@pron he@pron1%nom willen@v%pr_3 debaten@v1%inf,
His sheeld was al of gold so reed,His sheeld was al of gold so reed,data/riverside_cats/Thop_riv.cat,data/oxford_txts/Thop_oxford.txt,data/csvs/Thop,Sir Thopas 869,,0,0,His sheeld was al of gold so reed,His sheeld was al of gold so reed,"       ","       ",his@pron1%gen sheld@n ben@v%pt_3 al@adv of@prep gold@n so@adv red@adj,his@pron1%gen sheld@n ben@v%pt_3 al@adv of@prep gold@n so@adv red@adj,
And therinne was a bores heed,"And therin° was a bores heed,°",data/riverside_cats/Thop_riv.cat,data/oxford_txts/Thop_oxford.txt,data/csvs/Thop,Sir Thopas 870,,9,0,And therinne was a bores heed,And therin was a bores heed,S uSu S u Su S,"     ",and@conj ther-inne@adv ben@v%pt_3 a@indef_art bor@n%gen hed@n1,and@conj ther-inne@adv ben@v%pt_3 a@indef_art bor@n%gen hed@n1,
A charbocle bisyde;,    A charbocle° biside;°,data/riverside_cats/Thop_riv.cat,data/oxford_txts/Thop_oxford.txt,data/csvs/Thop,Sir Thopas 871,,0,0,A charbocle bisyde,A charbocle biside,"  ","  ",a@indef_art carbuncle@n bisides@prep,a@indef_art carbuncle@n bisides@prep,
And there he swoor on ale and breed,"And there he swoor, on ale and breed",data/riverside_cats/Thop_riv.cat,data/oxford_txts/Thop_oxford.txt,data/csvs/Thop,Sir Thopas 872,,0,0,And there he swoor on ale and breed,And there he swoor on ale and breed,"       ","       ",and@conj ther@adv he@pron1%nom sweren@v%pt_3 on@prep ale@n and@conj bred@n1,and@conj ther@adv he@pron1%nom sweren@v%pt_3 on@prep ale@n and@conj bred@n1,
How that the geaunt shal be deed,How that the geaunt shal be deed,data/riverside_cats/Thop_riv.cat,data/oxford_txts/Thop_oxford.txt,data/csvs/Thop,Sir Thopas 873,,0,0,How that the geaunt shal be deed,How that the geaunt shal be deed,"      ","      ",hou@adv&conj that@part the@def_art geaunt@n shulen@v1%pr_3 ben@v%inf ded@adj,hou@adv&conj that@part the@def_art geaunt@n shulen@v1%pr_3 ben@v%inf ded@adj,
Bityde what bityde!,    Bitide what bitide!°,data/riverside_cats/Thop_riv.cat,data/oxford_txts/Thop_oxford.txt,data/csvs/Thop,Sir Thopas 874,,0,0,Bityde what bityde,Bitide what bitide,"  ","  ",bitiden@v%pr_3 what@pron bitiden@v%pr_3,bitiden@v%pr_3 what@pron bitiden@v%pr_3,
His jambeux were of quyrboilly,"His jambeux° were of quirboilly,°",data/riverside_cats/Thop_riv.cat,data/oxford_txts/Thop_oxford.txt,data/csvs/Thop,Sir Thopas 875,,0,0,His jambeux were of quyrboilly,His jambeux were of quirboilly,"    ","    ",his@pron1%gen jaumbeus@n ben@v%pt_pl of@prep quir-boili@n,his@pron1%gen jaumbeus@n ben@v%pt_pl of@prep quir-boili@n,
His swerdes shethe of yvory,His swerdes shethe of ivory,data/riverside_cats/Thop_riv.cat,data/oxford_txts/Thop_oxford.txt,data/csvs/Thop,Sir Thopas 876,,0,0,His swerdes shethe of yvory,His swerdes shethe of ivory,"    ","    ",his@pron1%gen sword@n%gen shethe@n1 of@prep ivorie@n,his@pron1%gen sword@n%gen shethe@n1 of@prep ivorie@n,
His helm of latoun bright;,    His helm of laton° bright;,data/riverside_cats/Thop_riv.cat,data/oxford_txts/Thop_oxford.txt,data/csvs/Thop,Sir Thopas 877,,0,0,His helm of latoun bright,His helm of laton bright,"    ","    ",his@pron1%gen helm@n of@prep latoun@n bright@adj,his@pron1%gen helm@n of@prep latoun@n bright@adj,
His sadel was of rewel boon,"His sadel was of rewel-boon,°",data/riverside_cats/Thop_riv.cat,data/oxford_txts/Thop_oxford.txt,data/csvs/Thop,Sir Thopas 878,DIFF,0,0,His sadel was of rewel boon,His sadel was of rewelboon,"     ","    ",his@pron1%gen sadel@n ben@v%pt_3 of@prep rouel@n1#adj bon@n1,his@pron1%gen sadel@n ben@v%pt_3 of@prep rouel-boon@n,green
His brydel as the sonne shoon,His bridel as the sonne shoon,data/riverside_cats/Thop_riv.cat,data/oxford_txts/Thop_oxford.txt,data/csvs/Thop,Sir Thopas 879,,0,0,His brydel as the sonne shoon,His bridel as the sonne shoon,"     ","     ",his@pron1%gen bridel@n as@conj the@def_art sonne@n shinen@v%pt_3,his@pron1%gen bridel@n as@conj the@def_art sonne@n shinen@v%pt_3,
Or as the moone light.,    Or as the moone light.,data/riverside_cats/Thop_riv.cat,data/oxford_txts/Thop_oxford.txt,data/csvs/Thop,Sir Thopas 880,,0,0,Or as the moone light,Or as the moone light,"    ","    ",or@conj as@conj the@def_art mone@n1#adj light@n,or@conj as@conj the@def_art mone@n1#adj light@n,
His spere was of fyn ciprees,"His spere was of fin ciprees,°",data/riverside_cats/Thop_riv.cat,data/oxford_txts/Thop_oxford.txt,data/csvs/Thop,Sir Thopas 881,,0,0,His spere was of fyn ciprees,His spere was of fin ciprees,"     ","     ",his@pron1%gen spere@n1 ben@v%pt_3 of@prep fin@adj cipresse@n,his@pron1%gen spere@n1 ben@v%pt_3 of@prep fin@adj cipresse@n,
"That bodeth werre, and nothyng pees","That bodeth° werre, and nothing° pees",data/riverside_cats/Thop_riv.cat,data/oxford_txts/Thop_oxford.txt,data/csvs/Thop,Sir Thopas 882,,0,0,That bodeth werre and nothyng pees,That bodeth werre and nothing pees,"     ","     ",that@pron boden@v1%pr_3 werre@n1 and@conj no-thing@adv pes@n,that@pron boden@v1%pr_3 werre@n1 and@conj no-thing@adv pes@n,
The heed ful sharpe ygrounde;,    The heed ful sharpe ygrounde;,data/riverside_cats/Thop_riv.cat,data/oxford_txts/Thop_oxford.txt,data/csvs/Thop,Sir Thopas 883,,0,0,The heed ful sharpe ygrounde,The heed ful sharpe ygrounde,"    ","    ",the@def_art hed@n1 ful@adv sharpe@adv grinden@v1#adj%ppl,the@def_art hed@n1 ful@adv sharpe@adv grinden@v1#adj%ppl,
His steede was al dappull gray,His steede was al dappel° gray,data/riverside_cats/Thop_riv.cat,data/oxford_txts/Thop_oxford.txt,data/csvs/Thop,Sir Thopas 884,,0,0,His steede was al dappull gray,His steede was al dappel gray,"     ","     ",his@pron1%gen stede@n2 ben@v%pt_3 al@adv dappel@adj grei@adj,his@pron1%gen stede@n2 ben@v%pt_3 al@adv dappel@adj grei@adj,
It gooth an ambil in the way,It gooth an ambel° in the way°,data/riverside_cats/Thop_riv.cat,data/oxford_txts/Thop_oxford.txt,data/csvs/Thop,Sir Thopas 885,,0,0,It gooth an ambil in the way,It gooth an ambel in the way,"      ","      ",hit@pron gon@v%pr_3 a@indef_art amble@n in@prep the@def_art wei@n,hit@pron gon@v%pr_3 a@indef_art amble@n in@prep the@def_art wei@n,
Ful softely and rounde,    Ful softely° and rounde°,data/riverside_cats/Thop_riv.cat,data/oxford_txts/Thop_oxford.txt,data/csvs/Thop,Sir Thopas 886,,0,0,Ful softely and rounde,Ful softely and rounde,"   ","   ",ful@adv softli@adv and@conj rounde@adv,ful@adv softli@adv and@conj rounde@adv,
In londe.,     In londe.,data/riverside_cats/Thop_riv.cat,data/oxford_txts/Thop_oxford.txt,data/csvs/Thop,Sir Thopas 887,,0,0,In londe,In londe," "," ",in@prep lond@n,in@prep lond@n,
"Loo, lordes myne, heere is a fit!","Lo, lordes min, here is a fit!°",data/riverside_cats/Thop_riv.cat,data/oxford_txts/Thop_oxford.txt,data/csvs/Thop,Sir Thopas 888,,10,9,Loo lordes myne heere is a fit,Lo lordes min here is a fit,u Su Su Su S u S,S uS u Su S u S,lo@interj lord@n%pl min@pron%gen her@adv ben@v%pr_3 a@indef_art fit@n1,lo@interj lord@n%pl min@pron%gen her@adv ben@v%pr_3 a@indef_art fit@n1,
If ye wol any moore of it,If ye wol° any more of it,data/riverside_cats/Thop_riv.cat,data/oxford_txts/Thop_oxford.txt,data/csvs/Thop,Sir Thopas 889,,0,0,If ye wol any moore of it,If ye wol any more of it,"      ","      ",if@conj ye@pron%pl_nom willen@v%pr_pl ani@gram_adj more@n3 of@prep hit@pron,if@conj ye@pron%pl_nom willen@v%pr_pl ani@gram_adj more@n3 of@prep hit@pron,
To telle it wol I fonde.,    To telle it wol I fonde.°,data/riverside_cats/Thop_riv.cat,data/oxford_txts/Thop_oxford.txt,data/csvs/Thop,Sir Thopas 890,,0,0,To telle it wol I fonde,To telle it wol I fonde,"     ","     ",to@part tellen@v%inf hit@pron willen@v%pr_1 ich@pron%nom fonden@v%inf,to@part tellen@v%inf hit@pron willen@v%pr_1 ich@pron%nom fonden@v%inf,
"Now holde youre mouth, par charitee","Now hold your mouth, par° charitee",data/riverside_cats/Thop_riv.cat,data/oxford_txts/Thop_oxford.txt,data/csvs/Thop,Sir Thopas 891,,10,0,Now holde youre mouth par charitee,Now hold your mouth par charitee,u Su Su S u SuS,"     ",nou@adv holden@v1%imp your@pron%pl_gen mouth@n par@prep charite@n,nou@adv holden@v1%imp your@pron%pl_gen mouth@n par@prep charite@n,
Bothe knyght and lady free,"Bothe knight and lady free,°",data/riverside_cats/Thop_riv.cat,data/oxford_txts/Thop_oxford.txt,data/csvs/Thop,Sir Thopas 892,,0,0,Bothe knyght and lady free,Bothe knight and lady free,"    ","    ",bothe@num_conj knight@n and@conj ladie@n fre@adj,bothe@num_conj knight@n and@conj ladie@n fre@adj,
And herkneth to my spelle;,    And herkneth to my spelle;°,data/riverside_cats/Thop_riv.cat,data/oxford_txts/Thop_oxford.txt,data/csvs/Thop,Sir Thopas 893,,0,0,And herkneth to my spelle,And herkneth to my spelle,"    ","    ",and@conj herkenen@v%imp to@prep min@pron%gen spel@n,and@conj herkenen@v%imp to@prep min@pron%gen spel@n,
Of bataille and of chivalry,Of batailles and of chivalry,data/riverside_cats/Thop_riv.cat,data/oxford_txts/Thop_oxford.txt,data/csvs/Thop,Sir Thopas 894,DIFF,9,9,Of bataille and of chivalry,Of batailles and of chivalry,S uSu S u SuS,S uSu S u SuS,of@prep bataille@n and@conj of@prep chevalrie@n,of@prep bataille@n%pl and@conj of@prep chevalrie@n,green
And of ladyes love-drury,And of ladies luf-drury°,data/riverside_cats/Thop_riv.cat,data/oxford_txts/Thop_oxford.txt,data/csvs/Thop,Sir Thopas 895,DIFF,9,0,And of ladyes lovedrury,And of ladies lufdrury,S u SuS uSuS,"   ",and@conj of@prep ladie@n%gen love-druri@n,and@conj of@prep ladie@n%gen love-druri@n,green
Anon I wol yow telle.,    Anon I wol yow telle.,data/riverside_cats/Thop_riv.cat,data/oxford_txts/Thop_oxford.txt,data/csvs/Thop,Sir Thopas 896,,0,0,Anon I wol yow telle,Anon I wol yow telle,"    ","    ",an-on@adv ich@pron%nom willen@v%pr_1 you@pron%pl_obj tellen@v%inf,an-on@adv ich@pron%nom willen@v%pr_1 you@pron%pl_obj tellen@v%inf,
Men speken of romances of prys,"Men speke of romances of pris,°",data/riverside_cats/Thop_riv.cat,data/oxford_txts/Thop_oxford.txt,data/csvs/Thop,Sir Thopas 897,DIFF,9,0,Men speken of romances of prys,Men speke of romances of pris,S uS u SuS u S,"     ",man@n%pl speken@v%pr_pl of@prep romaunce@n%pl of@prep pris@n1,man@n%pl speken@v%pr_pl of@prep romaunce@n%pl of@prep pris@n1,green
Of Horn child and of Ypotys,Of Horn child and of Ypotis,data/riverside_cats/Thop_riv.cat,data/oxford_txts/Thop_oxford.txt,data/csvs/Thop,Sir Thopas 898,,0,0,Of Horn child and of Ypotys,Of Horn child and of Ypotis,"     ","     ",of@prep horn@n1#propn child@n and@conj of@prep ipotis@n#propn,of@prep horn@n1#propn child@n and@conj of@prep ipotis@n#propn,
Of Beves and sir Gy,    Of Bevis and Sir Gy,data/riverside_cats/Thop_riv.cat,data/oxford_txts/Thop_oxford.txt,data/csvs/Thop,Sir Thopas 899,,0,0,Of Beves and sir Gy,Of Bevis and Sir Gy,"    ","    ",of@prep beves@n#propn and@conj sire@n#adj guy@n#propn,of@prep beves@n#propn and@conj sire@n#adj guy@n#propn,
Of sir Lybeux and Pleyndamour --,Of Sir Libeux and Pleindamour;,data/riverside_cats/Thop_riv.cat,data/oxford_txts/Thop_oxford.txt,data/csvs/Thop,Sir Thopas 900,,0,0,Of sir Lybeux and Pleyndamour,Of Sir Libeux and Pleindamour,"    ","    ",of@prep sire@n#adj libeux@n#propn and@conj pleindamour@n#propn --@dash,of@prep sire@n#adj libeux@n#propn and@conj pleindamour@n#propn --@dash,
"But sir Thopas, he bereth the flour","But Sir Thopas, he bereth the flour°",data/riverside_cats/Thop_riv.cat,data/oxford_txts/Thop_oxford.txt,data/csvs/Thop,Sir Thopas 901,,9,9,But sir Thopas he bereth the flour,But Sir Thopas he bereth the flour,S u Su S uS u S,S u Su S uS u S,but@conj sire@n#adj thopas@n#propn he@pron1%nom beren@v1%pr_3 the@def_art flour@n1,but@conj sire@n#adj thopas@n#propn he@pron1%nom beren@v1%pr_3 the@def_art flour@n1,
Of roial chivalry!,    Of royal chivalry.°,data/riverside_cats/Thop_riv.cat,data/oxford_txts/Thop_oxford.txt,data/csvs/Thop,Sir Thopas 902,,0,0,Of roial chivalry,Of royal chivalry,"  ","  ",of@prep roial@adj chevalrie@n,of@prep roial@adj chevalrie@n,
His goode steede al he bistrood,His goode steede al he bistrood,data/riverside_cats/Thop_riv.cat,data/oxford_txts/Thop_oxford.txt,data/csvs/Thop,Sir Thopas 903,,0,0,His goode steede al he bistrood,His goode steede al he bistrood,"     ","     ",his@pron1%gen god@adj stede@n2 al@adv he@pron1%nom bistriden@v%pt_3,his@pron1%gen god@adj stede@n2 al@adv he@pron1%nom bistriden@v%pt_3,
And forth upon his wey he glood,And forth upon his wey he glood°,data/riverside_cats/Thop_riv.cat,data/oxford_txts/Thop_oxford.txt,data/csvs/Thop,Sir Thopas 904,,0,0,And forth upon his wey he glood,And forth upon his wey he glood,"      ","      ",and@conj forth@adv upon@prep his@pron1%gen wei@n he@pron1%nom gliden@v%pt_3,and@conj forth@adv upon@prep his@pron1%gen wei@n he@pron1%nom gliden@v%pt_3,
As sparcle out of the bronde;,    As sparcle° out of the bronde;°,data/riverside_cats/Thop_riv.cat,data/oxford_txts/Thop_oxford.txt,data/csvs/Thop,Sir Thopas 905,,0,0,As sparcle out of the bronde,As sparcle out of the bronde,"     ","     ",as@conj sparkle@n oute@adv#prep of@prep the@def_art brand@n,as@conj sparkle@n oute@adv#prep of@prep the@def_art brand@n,
Upon his creest he bar a tour,Upon his crest he bar a tour,data/riverside_cats/Thop_riv.cat,data/oxford_txts/Thop_oxford.txt,data/csvs/Thop,Sir Thopas 906,,0,0,Upon his creest he bar a tour,Upon his crest he bar a tour,"      ","      ",upon@prep his@pron1%gen creste@n1 he@pron1%nom beren@v1%pt_3 a@indef_art tour@n1,upon@prep his@pron1%gen creste@n1 he@pron1%nom beren@v1%pt_3 a@indef_art tour@n1,
And therinne stiked a lilie flour --,And therin stiked° a lily-flour,data/riverside_cats/Thop_riv.cat,data/oxford_txts/Thop_oxford.txt,data/csvs/Thop,Sir Thopas 907,DIFF,9,9,And therinne stiked a lilie flour,And therin stiked a lilyflour,S uSx uS u Su S,S uS uS u SuS,and@conj ther-inne@adv stiken@v%pt_3 a@indef_art lilie@n#adj flour@n1 --@dash,and@conj ther-inne@adv stiken@v%pt_3 a@indef_art lilie-flour@n,green
God shilde his cors fro shonde!,    God shilde° his cors° fro shonde!°,data/riverside_cats/Thop_riv.cat,data/oxford_txts/Thop_oxford.txt,data/csvs/Thop,Sir Thopas 908,,0,0,God shilde his cors fro shonde,God shilde his cors fro shonde,"     ","     ",god@n1#propn shelden@v%pr_3 his@pron1%gen cors@n from@prep shond@n1,god@n1#propn shelden@v%pr_3 his@pron1%gen cors@n from@prep shond@n1,
And for he was a knyght auntrous,"And for he was a knight auntrous,°",data/riverside_cats/Thop_riv.cat,data/oxford_txts/Thop_oxford.txt,data/csvs/Thop,Sir Thopas 909,,0,0,And for he was a knyght auntrous,And for he was a knight auntrous,"      ","      ",and@conj for@conj he@pron1%nom ben@v%pt_3 a@indef_art knight@n aventurous@adj,and@conj for@conj he@pron1%nom ben@v%pt_3 a@indef_art knight@n aventurous@adj,
He nolde slepen in noon hous,He nolde° slepen in non° hous,data/riverside_cats/Thop_riv.cat,data/oxford_txts/Thop_oxford.txt,data/csvs/Thop,Sir Thopas 910,,0,0,He nolde slepen in noon hous,He nolde slepen in non hous,"     ","     ",he@pron1%nom willen@v%pt_3_neg slepen@v%inf in@prep non@gram_adj hous@n,he@pron1%nom willen@v%pt_3_neg slepen@v%inf in@prep non@gram_adj hous@n,
But liggen in his hoode;,    But liggen° in his hoode;°,data/riverside_cats/Thop_riv.cat,data/oxford_txts/Thop_oxford.txt,data/csvs/Thop,Sir Thopas 911,,0,0,But liggen in his hoode,But liggen in his hoode,"    ","    ",but@conj lien@v1%inf in@prep his@pron1%gen hod@n,but@conj lien@v1%inf in@prep his@pron1%gen hod@n,
His brighte helm was his wonger,"His brighte helm was his wonger,°",data/riverside_cats/Thop_riv.cat,data/oxford_txts/Thop_oxford.txt,data/csvs/Thop,Sir Thopas 912,,0,0,His brighte helm was his wonger,His brighte helm was his wonger,"     ","     ",his@pron1%gen bright@adj helm@n ben@v%pt_3 his@pron1%gen wonger@n,his@pron1%gen bright@adj helm@n ben@v%pt_3 his@pron1%gen wonger@n,
And by hym baiteth his dextrer,And by him baiteth° his dextrer°,data/riverside_cats/Thop_riv.cat,data/oxford_txts/Thop_oxford.txt,data/csvs/Thop,Sir Thopas 913,,0,0,And by hym baiteth his dextrer,And by him baiteth his dextrer,"     ","     ",and@conj bi@prep him@pron%obj baiten@v%pr_3 his@pron1%gen destrer@n,and@conj bi@prep him@pron%obj baiten@v%pr_3 his@pron1%gen destrer@n,
Of herbes fyne and goode.,    Of herbes fine and goode.,data/riverside_cats/Thop_riv.cat,data/oxford_txts/Thop_oxford.txt,data/csvs/Thop,Sir Thopas 914,,0,0,Of herbes fyne and goode,Of herbes fine and goode,"    ","    ",of@prep herbe@n%pl fin@adj and@conj god@adj,of@prep herbe@n%pl fin@adj and@conj god@adj,
Hymself drank water of the well,Himself drank water of the wel,data/riverside_cats/Thop_riv.cat,data/oxford_txts/Thop_oxford.txt,data/csvs/Thop,Sir Thopas 915,,0,0,Hymself drank water of the well,Himself drank water of the wel,"     ","     ",him-self@pron drinken@v%pt_3 water@n of@prep the@def_art welle@n,him-self@pron drinken@v%pt_3 water@n of@prep the@def_art welle@n,
As dide the knyght sire Percyvell,As did the knight sir Percivel,data/riverside_cats/Thop_riv.cat,data/oxford_txts/Thop_oxford.txt,data/csvs/Thop,Sir Thopas 916,,10,0,As dide the knyght sire Percyvell,As did the knight sir Percivel,u Su S u Su SuS,"     ",as@conj don@v1%pt_3 the@def_art knight@n sire@n#adj percivell@n#propn,as@conj don@v1%pt_3 the@def_art knight@n sire@n#adj percivell@n#propn,
So worly under wede,"    So worly° under wede,°",data/riverside_cats/Thop_riv.cat,data/oxford_txts/Thop_oxford.txt,data/csvs/Thop,Sir Thopas 917,,0,0,So worly under wede,So worly under wede,"   ","   ",so@adv worthli@adj under@prep wede@n,so@adv worthli@adj under@prep wede@n,
Til on a day --,    Til on a day°——,data/riverside_cats/Thop_riv.cat,data/oxford_txts/Thop_oxford.txt,data/csvs/Thop,Sir Thopas 918,,0,0,Til on a day,Til on a day,"   ","   ",til@conj on@prep a@indef_art dai@n --@dash,til@conj on@prep a@indef_art dai@n --@dash,